nct_id,brief_title,official_title,overall_status,phase,lead_sponsor_name,conditions,interventions,detected_genes
NCT05662904,Genetic Ablation of CD33 in HSC to Broaden the Therapeutic Index of CD33-directed Immunotherapy in Patients with AML,Genetic Ablation of CD33 in Hematopoietic Stem Cells to Broaden the Therapeutic Index of CD33-directed Immunotherapy in Patients with Acute Myeloid Leukemia (AML),NOT_YET_RECRUITING,PHASE1,German Cancer Research Center,['Relapsed/Refractory Acute Myeloid Leukemia (AML)'],"['Donor-derived CD34+ HSC with CRISPR/Cas9-mediated CD33 deletion', 'Gemtuzumab Ozogamicin']",['Uncategorized']
NCT04925206,A Safety and Efficacy Study Evaluating ET-01 in Subjects with Transfusion Dependent Β-Thalassaemia,"A Multicenter, Open Label Phase 1 Study to Evaluate the Safety and Efficacy of a Single Dose of Autologous CRISPR-Cas9 Modified CD34+ Human Hematopoietic Stem and Progenitor Cells (hHSPCs) in Subjects with Transfusion Dependent Β-Thalassaemia",TERMINATED,PHASE1,EdiGene (GuangZhou) Inc.,['Transfusion Dependent Beta-Thalassaemia'],['ET-01'],['Uncategorized']
NCT03655678,A Safety and Efficacy Study Evaluating CTX001 in Participants With Transfusion-Dependent β-Thalassemia,A Phase 1/2/3 Study of the Safety and Efficacy of a Single Dose of Autologous CRISPR-Cas9 Modified CD34+ Human Hematopoietic Stem and Progenitor Cells (hHSPCs) in Subjects With Transfusion-Dependent β-Thalassemia,COMPLETED,"PHASE2, PHASE3",Vertex Pharmaceuticals Incorporated,"['Beta-Thalassemia', 'Thalassemia', 'Genetic Diseases, Inborn', 'Hematologic Diseases', 'Hemoglobinopathies']",['CTX001'],['Uncategorized']
NCT06379789,"A Study to Investigate the Safety and Effectiveness of a Coagulation Factor IX Gene Insertion Therapy (REGV131-LNP1265) in Pediatric, Adolescent and Adult Participants With Hemophilia B","A Two-Part Open-Label Study of REGV131-LNP1265, A CRISPR/Cas9 Based Coagulation Factor IX Gene Insertion Therapy in Participants With Hemophilia B",RECRUITING,"PHASE1, PHASE2",Regeneron Pharmaceuticals,['Hemophilia B'],"['REGV131', 'LNP1265']",['Uncategorized']
NCT05034978,Novel SARS-CoV-2 Point-of-care Testing,Point-of-care Testing for Improving the Detection of SARS-CoV-2 Infection in Healthcare Setting,TERMINATED,Not Specified,Chinese University of Hong Kong,['SARS-CoV2 Infection'],['no intervention'],['Uncategorized']
NCT06031727,CRISPR/cas13-medIated RNA TarGeting THerapy for the Treatment of Neovascular Age-related Macular Degeneration Investigator-initiated Trial (SIGHT-I),"A Trial to Evaluate the Safety, Tolerability, and Efficacy of CRISPR-Cas13 RNA-editing Therapy Targeting Knockdown of Vascular Endothelial Growth Factor a (HG202) in the Treatment of Neovascular Age-related Macular Degeneration (nAMD)",RECRUITING,EARLY_PHASE1,"HuidaGene Therapeutics Co., Ltd.",['Neovascular Age-related Macular Degeneration(nAMD)'],['HG202'],['Uncategorized']
NCT05554939,Allogenic CD19-targeting CAR-γδT Cell Therapy in R/R NHL,A Phase 1/2 Clinical Trial of Gene-edited Allogenic CD19 Targeting Chimeric Antigen Receptor-γδT Cells Therapy in Patients With Relapsed or Refractory B-cell Non-Hodgkin's Lymphoma,RECRUITING,"PHASE1, PHASE2",Chinese PLA General Hospital,"[""Non Hodgkin's Lymphoma""]","['Allogenic CD19 CAR-γδT cell', 'Fludarabine', 'Cyclophosphamide']",['Uncategorized']
NCT06506461,Gene Editing For Sickle Cell Disease,St. Jude Autologous Genome Edited Stem Cells For Sickle Cell Disease-1,RECRUITING,PHASE1,St. Jude Children's Research Hospital,['Sickle Cell Disease'],"['Plerixafor', 'Busulfan', 'Gene-modified CD34+ cells', 'Motixafortide']",['Uncategorized']
NCT06128629,MAGNITUDE: A Phase 3 Study of NTLA-2001 in Participants With Transthyretin Amyloidosis With Cardiomyopathy (ATTR-CM),"MAGNITUDE: A Phase 3, Multinational, Multicenter, Randomized, Double-Blind, Placebo-Controlled Study to Evaluate the Efficacy and Safety of NTLA-2001 in Participants With Transthyretin Amyloidosis With Cardiomyopathy (ATTR-CM)",RECRUITING,PHASE3,Intellia Therapeutics,['Transthyretin Amyloidosis (ATTR) With Cardiomyopathy'],"['NTLA-2001', 'Placebo']",['Uncategorized']
NCT06582537,LAMA2 Genetic Correction,Ex Vivo Genetic Correction of LAMA2 Mutation(s) in Myogenic Stem Cells of Patients with Merosin-deficient Congenital Muscle Dystrophy Type 1a (MDC1a),COMPLETED,Not Specified,Maastricht University,['MDC1A'],['Participants sample collection'],['Uncategorized']
NCT05951205,"Evaluation of Efficacy and Safety of a Single Dose of Exa-cel in Participants With Severe Sickle Cell Disease, βS/ βC Genotype","A Phase 3 Study to Evaluate Efficacy and Safety of a Single Dose of Exa-cel in Subjects With Severe Sickle Cell Disease, βS/βC Genotype",WITHDRAWN,PHASE3,Vertex Pharmaceuticals Incorporated,['Sickle Cell Disease'],['Exa-cel'],['Uncategorized']
NCT07214324,Integrative Multi-omics Analysis to Predict Monoclonal Gammopathies Clinical Evolution,Integrative Multi-omics Analysis to Predict Monoclonal Gammopathies Clinical Evolution,RECRUITING,Not Specified,Azienda USL Reggio Emilia - IRCCS,"['Monoclonal Gammopathy of Undetermined Significance (MGUS)', 'Smoldering Multiple Myeloma (SMM)', 'Multiple Myeloma (MM)']",['Collection of biological material'],['Uncategorized']
NCT03166878,A Study Evaluating UCART019 in Patients With Relapsed or Refractory CD19+ Leukemia and Lymphoma,"Phase I/II Study to Determine the Safety, Tolerability, Biological Activity and Efficacy of Universal CRISPR-Cas9 Gene-Editing CAR-T Cells Targeting CD19(UCART019) in Patients With Relapsed or Refractory CD19+ Leukemia and Lymphoma",UNKNOWN,"PHASE1, PHASE2",Chinese PLA General Hospital,"['B Cell Leukemia', 'B Cell Lymphoma']",['UCART019'],['Uncategorized']
NCT03044743,PD-1 Knockout EBV-CTLs for Advanced Stage Epstein-Barr Virus (EBV) Associated Malignancies,A Phase I/II Trial of PD-1 Knockout EBV-CTLs for Advanced Stage EBV Associated Malignancies,UNKNOWN,"PHASE1, PHASE2",Yang Yang,"['Stage IV Gastric Carcinoma', 'Stage IV Nasopharyngeal Carcinoma', 'T-Cell Lymphoma Stage IV', 'Stage IV Adult Hodgkin Lymphoma', 'Stage IV Diffuse Large B-Cell Lymphoma']","['Fludarabine', 'Cyclophosphamide', 'Interleukin-2']",['Uncategorized']
NCT07396285,UCSF Center for Genome Surgery Biobank and Registry,UCSF Center for Genome Surgery Biobank and Registry,NOT_YET_RECRUITING,Not Specified,"University of California, San Francisco",['Any Conditions That Are Genetic or Suspected to be Genetic in Origin'],[],['Uncategorized']
NCT06300723,Clinical Study of BRL-101 in Severe SCD,Clinical Study to Evaluate the Safety and Efficacy of Single Dose Intravenous Infusion of CRISPR/Cas9-edited Autologous CD34 + Hematopoietic Stem/Progenitor Cells (BRL-101) in the Treatment of Severe Sickle Cell Disease,UNKNOWN,NA,Bioray Laboratories,['Sickle Cell Disease'],['BRL-101'],['Uncategorized']
NCT06594094,"An Open-label, Multidose Dose-escalation Study to Understand the Safety of CRISPR Gene-editing Therapy and Its Long-Lasting Effects in DMD Patients (MUSCLE)",An Investigator-initiated Clinical Study Evaluating the CRISPR-hfCas12Max Gene Editing Therapy in the Treatment of Duchenne Muscular Dystrophy (DMD),ACTIVE_NOT_RECRUITING,EARLY_PHASE1,"HuidaGene Therapeutics Co., Ltd.",['Duchenne Muscular Dystrophin (DMD)'],['HG302'],['Uncategorized']
NCT06041620,Safety and Efficacy Evaluation of Autologous CRISPR-Cas12b Edited Hematopoietic Stem Cells,A Study to Evaluate the Efficacy and Safety of Autologous CRISPR-Cas12b Edited Hematopoietic Stem Cells in Transfusion-dependent β Thalassemia Patients,UNKNOWN,NA,"Institute of Hematology & Blood Diseases Hospital, China","['Thalassemia, Beta', 'Thalassemia Major']",['VGB-Ex01'],['Uncategorized']
NCT07170254,A Clinical Study on the Evaluation of BD114 for the Treatment HPV-16-Related Cervical HSIL,"An Open-Label, Two-Arm, Non-Randomized Clinical Study On The Safety And Efficacy Of Instantaneous CRISPR/Cas9 Gene Editing Therapy For Treating Chinese Patients With HPV-16-Related High-Grade Squamous Intraepithelial Lesions (HSIL)",RECRUITING,NA,"Shanghai BDgene Co., Ltd.",['High-grade Squamous Intraepithelial Lesions (HSIL)'],"['BD114VLP, or BD114', 'BD114VLP or BD114 plus Gel']",['Uncategorized']
NCT05447169,Epstein-Barr Virus Antibody and Epstein-Barr Virus DNA for Nasopharyngeal Carcinoma Screening,Parallel Controlled Study of Epstein-Barr Virus Antibody and Epstein-Barr Virus DNA for Nasopharyngeal Carcinoma Screening in the High-risk Population,RECRUITING,Not Specified,Sun Yat-sen University,['Nasopharyngeal Carcinoma'],"['EBV antibodies test', 'EBV DNA test']",['Uncategorized']
NCT03545815,Study of CRISPR-Cas9 Mediated PD-1 and TCR Gene-knocked Out Mesothelin-directed CAR-T Cells in Patients With Mesothelin Positive Multiple Solid Tumors.,Phase I Study to Evaluate Treatment of CRISPR-Cas9 Mediated PD-1 and TCR Gene-knocked Out Chimeric Antigen Receptor (CAR) T Cells in Patients With Mesothelin Positive Multiple Solid Tumors.,UNKNOWN,PHASE1,Chinese PLA General Hospital,"['Solid Tumor, Adult']",['anti-mesothelin CAR-T cells'],['Uncategorized']
NCT07758634,"A Trial Evaluating Safety, Tolerability and Efficacy of CTX340 in Participants With Hypertension","A Phase 1/2 Multicenter, First-in-human, Ascending Dose Trial Evaluating the Safety, Tolerability, and Efficacy of a Lipid Nanoparticle Formulation of CRISPR-Guide RNA-Cas9 Nuclease (CTX340) for In Vivo Editing of the Angiotensinogen (AGT) Gene in Participants With Hypertension",RECRUITING,"PHASE1, PHASE2",CRISPR Therapeutics AG,['Hypertension'],"['CTX340', 'Placebo']",['Uncategorized']
NCT06492304,A Safety and Efficacy Study Evaluating CTX131 in Adult Subjects With Relapsed/Refractory Hematologic Malignancies,A Phase 1/2 Dose Evaluation and Cohort Expansion Study of the Safety and Efficacy of Anti-CD70 Allogeneic CRISPR-Cas9-Engineered T Cells (CTX131) in Adult Subjects With Relapsed/Refractory Hematologic Malignancies,COMPLETED,"PHASE1, PHASE2",CRISPR Therapeutics,"['T Cell Lymphoma', 'B Cell Lymphoma', 'Acute Myeloid Leukemia']",['CTX131'],['Uncategorized']
NCT06925542,A Safety and Efficacy Study Evaluating CTX112 in Adult Subjects With Refractory Autoimmune Disease,A Phase 1 Dose Evaluation Study of the Safety and Preliminary Efficacy of Anti-CD19 Allogeneic CRISPR-Cas9-Engineered T Cells (CTX112) in Adult Subjects With Refractory Autoimmune Disease,RECRUITING,PHASE1,CRISPR Therapeutics,"['SLE (Systemic Lupus)', 'Lupus Erythematosus, Systemic', 'Lupus Nephritis', 'Systemic Sclerosis', 'Inflammatory Myopathy, Idiopathic', 'Myositis', 'Diffuse Cutaneous Systemic Sclerosis']",['CTX112'],['Uncategorized']
NCT04502446,A Safety and Efficacy Study Evaluating CTX130 in Subjects With Relapsed or Refractory T or B Cell Malignancies (COBALT-LYM),"A Phase 1, Open-Label, Multicenter, Dose Escalation and Cohort Expansion Study of the Safety and Efficacy of Anti-CD70 Allogeneic CRISPR-Cas9-Engineered T Cells (CTX130) in Subjects With Relapsed or Refractory T or B Cell Malignancies",TERMINATED,PHASE1,CRISPR Therapeutics AG,['T Cell Lymphoma'],['CTX130'],['Uncategorized']
NCT05565248,"An Open-Label, FIH Study Evaluating the Safety, Tolerability, and Efficacy of VCTX211 Combination Product in Subjects With T1D","An Open-Label, First-in-Human Study Evaluating the Safety, Tolerability, and Efficacy of VCTX211 Combination Product in Subjects With Type 1 Diabetes Mellitus (T1D)",TERMINATED,PHASE1,CRISPR Therapeutics AG,"['Diabetes Mellitus', 'Diabetes Mellitus, Type 1', 'Glucose Metabolism Disorders', 'Metabolic Disease', 'Endocrine System Diseases', 'Autoimmune Diseases', 'Immune System Diseases']",['VCTX211'],['Uncategorized']
NCT06634420,HAELO: A Phase 3 Study to Evaluate NTLA-2002 in Participants With Hereditary Angioedema (HAE),"HAELO: A Phase 3, Multinational, Randomized, Double-Blind, Placebo-Controlled Study to Evaluate the Efficacy and Safety of NTLA-2002 in Participants With Hereditary Angioedema (HAE)",ACTIVE_NOT_RECRUITING,PHASE3,Intellia Therapeutics,['Hereditary Angioedema'],"['NTLA-2002', 'Normal Saline IV Administration']",['Uncategorized']
NCT06881732,Experimental Malaria Infection of Healthy Malaria-Naive Adults by Mosquito Bite With the Genetically Modified Plasmodium Falciparum NF54/iGP3 GAP,Experimental Malaria Infection of Healthy Malaria-Naive Adults by Mosquito Bite With the Genetically Modified Plasmodium Falciparum NF54/iGP3 GAP,NOT_YET_RECRUITING,PHASE1,University of Melbourne,"['Malaria Falciparum', 'Malaria Infection', 'Malaria Transmission']",['NF54/iGP3'],['Uncategorized']
NCT04208529,A Long-term Follow-up Study in Participants Who Received CTX001,A Long-term Follow-up Study of Subjects With β-thalassemia or Sickle Cell Disease Treated With Autologous CRISPR-Cas9 Modified Hematopoietic Stem Cells (CTX001),ENROLLING_BY_INVITATION,PHASE3,Vertex Pharmaceuticals Incorporated,"['Beta-Thalassemia', 'Thalassemia', 'Sickle Cell Disease', 'Hematologic Diseases', 'Hemoglobinopathies', 'Genetic Diseases, Inborn', 'Sickle Cell Anemia']",['CTX001'],['Uncategorized']
NCT04178382,Effect of PCR-CRISPR/Cas12a on the Early Anti-infective Schemes in Patients With Open Air Pneumonia,Effect of PCR-CRISPR/Cas12a on the Early Anti-infective Schemes in Patients With Open Air Pneumonia,UNKNOWN,NA,Chinese Medical Association,['Severe Sepsis'],['PCR-CRISPR／Cas12a detection'],['Uncategorized']
NCT06742593,"Study of MT027 in Patients with Brain, Meninges, and Spinal Cord Metastatic Solid Tumors","A Single-arm, Dose-escalating Phase I Clinical Trial to Evaluate the Tolerability, Safety, Pharmacokinetic , and Efficacy of MT027 in Patients with Brain, Meninges, and Spinal Cord Metastatic Solid Tumors",NOT_YET_RECRUITING,PHASE1,"Suzhou Maximum Bio-tech Co., Ltd.","['Brain (Nervous System) Cancers', 'Brain and Central Nervous System Tumors', 'Brain Tumors']",['MT027 cells suspension'],['Uncategorized']
NCT05812326,PD-1 Knockout Anti-MUC1 CAR-T Cells in the Treatment of Advanced Breast Cancer,Exploratory Clinical Study of PD-1 Knockout Targeting MUC1 CAR-T Cells (AJMUC1) in the Treatment of MUC1-positive Advanced Breast Cancer,COMPLETED,"PHASE1, PHASE2",Sun Yat-Sen Memorial Hospital of Sun Yat-Sen University,"['Advanced Breast Cancer', 'Breast Neoplasm Malignant Female']",['AJMUC1- PD-1 gene knockout anti-MUC1 CAR-T cells'],['Uncategorized']
NCT03745287,A Safety and Efficacy Study Evaluating CTX001 in Subjects With Severe Sickle Cell Disease,A Phase 1/2/3 Study to Evaluate the Safety and Efficacy of a Single Dose of Autologous CRISPR-Cas9 Modified CD34+ Human Hematopoietic Stem and Progenitor Cells (CTX001) in Subjects With Severe Sickle Cell Disease,COMPLETED,"PHASE2, PHASE3",Vertex Pharmaceuticals Incorporated,"['Sickle Cell Disease', 'Hematological Diseases', 'Hemoglobinopathies']",['CTX001'],['Uncategorized']
NCT07142759,Investigating the Impact of Vitamin D Biofortified Tomatoes on Serum Levels of 25(OH)D,"Investigating the Impact of Vitamin D Biofortified Tomatoes on Serum Levels of 25(OH)D - a Two Phase, a Randomized Double-blind Placebo-controlled Parallel Arm Trial (RCT)",ENROLLING_BY_INVITATION,NA,Quadram Institute Bioscience,['Vitamin D Insufficiency'],"['Precision Bred Provitamin D-rich Tomato Soup', 'Precision Bred Vitamin D-rich Tomato Soup', 'Wild-type (store-bought) Tomato Soup', 'Wild-type (store-bought) Tomato with vitamin D supplementation Soup']",['Uncategorized']
NCT04767308,Safety and Efficacy of CT125A Cells for Treatment of Relapsed/Refractory CD5+ Hematopoietic Malignancies,"A Single-center, Single-arm Exploratory Clinical Trial to Evaluate the Safety and Efficacy of Fully Human Anti-CD5 Chimeric Antigen Receptor T Cells (CT125A Cells) for the Treatment of Relapsed/Refractory CD5+ Hematopoietic Malignancies",UNKNOWN,EARLY_PHASE1,Huazhong University of Science and Technology,"['CD5+ Relapsed/Refractory Hematopoietic Malignancies', 'Chronic Lymphocytic Leukemia (CLL)', 'Mantle Cell Lymphoma (MCL)', 'Diffuse Large B-cell Lymphoma (DLBCL)', 'Follicular Lymphoma (FL)', 'Peripheral T-cell Lymphomas (PTCL)']","['CT125A cells', 'Cyclophosphamide, fludarabine']",['Uncategorized']
NCT07053462,CRISPR-Edited HLA Donor Kidney Transplant to Reduce Rejection Risk,"Phase 1/2, Single-Arm, Open-Label Trial to Evaluate the Safety, Feasibility, and Immunogenicity of Ex Vivo CRISPR-Cas9 Gene-Edited Donor Kidneys (Knockout of HLA-A, HLA-B, and CIITA) in Human Renal Transplant Recipients",RECRUITING,"PHASE1, PHASE2",AMERICAN ORGAN TRANSPLANT AND CANCER RESEARCH INSTITUTE LLC,"['End-Stage Renal Disease', 'End Stage Renal Disease on Dialysis', 'End Stage Renal Disease With Renal Transplant', 'Kidney Transplant Rejection', 'Kidney Tumor', 'Kidney Failure', 'Kidney Ischemia']","['Ex Vivo CRISPR-Cas9 Gene Editing of Donor Kidney', 'Kidney Transplantation with Standard Care']",['Uncategorized']
NCT05107258,A Clinical Evaluation of Pine Trees Health Test System Including the Pine Trees Health Reader and COVID-19 Test for Point-of-Care,A Clinical Evaluation of Pine Trees Health Test System Including the Pine Trees Health Reader and COVID-19 Test for Point-of-Care,COMPLETED,Not Specified,"Pine Trees, Inc.","['SARS (Severe Acute Respiratory Syndrome)', 'Covid19']",['The Pine Trees Health Test System'],['Uncategorized']
NCT03081715,PD-1 Knockout Engineered T Cells for Advanced Esophageal Cancer,"Safety and Activity of Programmed Cell Death-1 Knockout Engineered T Cells in Patients With Previously Treated Advanced Esophageal Squamous Cell Carcinoma: An Open-label, Single-arm Phase 1 Study",COMPLETED,NA,Hangzhou Cancer Hospital,['Esophageal Cancer'],['PD-1 Knockout T Cells'],['Uncategorized']
NCT02867345,PD-1 Knockout Engineered T Cells for Castration Resistant Prostate Cancer,A Dose-escalation Phase I Trial of PD-1 Knockout Engineered T Cells for the Treatment of Castration Resistant Prostate Cancer,WITHDRAWN,Not Specified,Peking University,['Hormone Refractory Prostate Cancer'],"['PD-1 Knockout T Cells', 'Cyclophosphamide', 'IL-2']",['Uncategorized']
NCT07099443,Determinants of the Response to BTK Degraders (BTKd) in Chronic Lymphocytic Leukemia,Determinants of the Response to BTK Degraders (BTKd) in Chronic Lymphocytic Leukemia,RECRUITING,Not Specified,Nantes University Hospital,"['Chronic Lymphocytic Leukemia', 'BTK Degraders']",['Non-Interventional Sample Collection and Analysis'],['Uncategorized']
NCT06839235,Phase 1/2 Study of ABO-101 in Primary Hyperoxaluria Type 1 (redePHine),"A Phase 1/2 Dose Escalation Study to Evaluate the Safety, Tolerability, Pharmacokinetics, Pharmacodynamics and Preliminary Efficacy of ABO-101 in Participants With Primary Hyperoxaluria Type 1 (PH1)",RECRUITING,"PHASE1, PHASE2",Arbor Biotechnologies,['Primary Hyperoxaluria Type 1 (PH1)'],['ABO-101'],['Uncategorized']
NCT03606486,Lavage of the Uterine Cavity for Diagnosis of Ovarian Cancer,Lavage of the Uterine Cavity for Diagnosis of Ovarian Carcinomas,TERMINATED,NA,University of Washington,"['High Grade Ovarian Serous Adenocarcinoma', 'Stage III Ovarian Cancer AJCC v8', 'Stage IIIA Ovarian Cancer AJCC v8', 'Stage IIIA1 Ovarian Cancer AJCC v8', 'Stage IIIA2 Ovarian Cancer AJCC v8', 'Stage IIIB Ovarian Cancer AJCC v8', 'Stage IIIC Ovarian Cancer AJCC v8', 'Stage IV Ovarian Cancer AJCC v8', 'Stage IVA Ovarian Cancer AJCC v8', 'Stage IVB Ovarian Cancer AJCC v8']","['Biospecimen Collection', 'Laboratory Biomarker Analysis', 'Lavage', 'Pap Smear']",['Uncategorized']
NCT07018804,Mechanisms and Targeted Therapy of Airway Basal Cell Dysfunction in Bronchiolitis Obliterans Syndrome,Analysis of the Pathogenic Mechanism of Abnormal Airway Basal Cell Function in Bronchiolitis Obliterans Syndrome and Research on Targeted Treatment Strategies,WITHDRAWN,NA,Haikou Affiliated Hospital of Central South University Xiangya School of Medicine,['Bronchiolitis Obliterans Syndrome (BOS)'],"['Bronchoscopic brushing', 'Single - cell cloning', 'Cell function identification', 'Identification of local microenvironmental changes', 'Gene editing', 'Prevention of ferret airway basal cell transplantation', 'Transplantation treatment of ferret airway basal cells']",['Uncategorized']
NCT03057912,A Safety and Efficacy Study of TALEN and CRISPR/Cas9 in the Treatment of HPV-related Cervical Intraepithelial NeoplasiaⅠ,A Safety and Efficacy Study of Transcription Activator-like Effector Nucleases and Clustered Regularly Interspaced Short Palindromic Repeat/Cas9 in the Treatment of HPV-related Cervical Intraepithelial NeoplasiaⅠ,UNKNOWN,PHASE1,"First Affiliated Hospital, Sun Yat-Sen University",['Human Papillomavirus-Related Malignant Neoplasm'],"['TALEN', 'CRISPR/Cas9']",['Uncategorized']
NCT04037566,CRISPR (HPK1) Edited CD19-specific CAR-T Cells (XYF19 CAR-T Cells) for CD19+ Leukemia or Lymphoma.,A Safety Study of Autologous T Cells Engineered to Target CD19 and CRISPR Gene Edited to Eliminate Endogenous HPK1 (XYF19 CAR-T Cells) for Relapsed or Refractory Haematopoietic Malignancies.,UNKNOWN,PHASE1,Xijing Hospital,"['Leukemia Lymphocytic Acute (ALL) in Relapse', 'Leukemia Lymphocytic Acute (All) Refractory', 'Lymphoma, B-Cell', 'CD19 Positive']","['XYF19 CAR-T cell', 'Cyclophosphamide', 'Fludarabine']",['Uncategorized']
NCT06362421,Saliva Testing for High-Risk Human Papillomavirus Infection Oral Cavity and Pharynx Cancer,Proof of Concept Assay Development of Point of Care Saliva Testing for High Risk-HPV Oral Cavity and Pharynx Cancers,WITHDRAWN,Not Specified,Wake Forest University Health Sciences,"['Oropharyngeal Squamous Cell Carcinoma', 'Human Papillomavirus Infection']","['Pre-Radiation Dental Evaluation/Sample Collection', 'Pre-Study Visit', 'Oral Medicine Consultation Visit/Sample Collection']",['Uncategorized']
NCT03681951,First-time-in-human (FTIH) Study of GSK3145095 Alone and in Combination With Other Anticancer Agents in Adults With Advanced Solid Tumors,"A Phase I/II, Open-Label Study to Investigate the Safety, Clinical Activity, Pharmacokinetics, and Pharmacodynamics of GSK3145095 Administered Alone and in Combination With Anticancer Agents Including Pembrolizumab in Adult Participants With Selected Advanced Solid Tumors",TERMINATED,PHASE2,GlaxoSmithKline,"['Neoplasms, Pancreatic']","['GSK3145095', 'Pembrolizumab']",['Uncategorized']
NCT05740761,Gene Editing as a Therapeutic Approach for Rett Syndrome,Personalized MECP2 Gene Therapy Using CRISPR/Cas9 Technology Coupled to AAV-mediated Delivery in 3D Cell Culture and KI Mice,RECRUITING,Not Specified,University of Siena,['Rett Syndrome'],['Gene editing in vitro'],['Uncategorized']
NCT07026942,Phase I/II Clinical Trial of Universal Donor CD33 CAR Natural Killer Cells for AML,A Phase I/II Clinical Trial Evaluating the Safety and Efficacy of Universal Donor CD33 CAR Natural Killer Cells for Treatment of Relapsed/Refractory Acute Myeloid Leukemia,NOT_YET_RECRUITING,"PHASE1, PHASE2",Nationwide Children's Hospital,['Relapsed/Refractory AML'],['Universal donor derived CD33 CAR-NK'],['Uncategorized']
NCT05514249,Treatment of a Single Patient With CRD-TMH-001,Treatment of a Single Patient With CRD-TMH-001,UNKNOWN,PHASE1,"Cure Rare Disease, Inc",['Duchenne Muscular Dystrophy'],['CRD-TMH-001'],['Uncategorized']
NCT04976218,TGFβR-KO CAR-EGFR T Cells in Previously Treated Advanced EGFR-positive Solid Tumors,Phase Ⅰ Study of EGFR Targeted TGFβR-KO CAR T Cells in the Treatment of Previously Treated Advanced EGFR-positive Solid Tumors,UNKNOWN,PHASE1,Chinese PLA General Hospital,"['Solid Tumor, Adult', 'EGFR Overexpression']",['TGFβR-KO CAR-EGFR T Cells'],['Uncategorized']
NCT06287086,Clinical Study on the Safety and Efficacy of BRL-101 in the Treatment of Sickle Cell Disease,Clinical Study on the Safety and Efficacy of a Single Intravenous Dose of CRISPR/Cas9-Edited Autologous CD34+ Hematopoietic Stem/Progenitor Cells (BRL-101) in the Treatment of Sickle Cell Disease,UNKNOWN,NA,Bioray Laboratories,['Sickle Cell Disease'],['BRL-101 autologous hematopoietic stem and progenitor cells injection'],['Uncategorized']
NCT05210530,"An Open-Label, FIH Study Evaluating the Safety and Tolerability of VCTX210A Combination Product in Subjects With T1D","An Open-Label, First-In-Human Study Evaluating the Safety and Tolerability of VCTX210A Combination Product in Subjects With Type 1 Diabetes Mellitus (T1D)",COMPLETED,PHASE1,CRISPR Therapeutics AG,"['Diabetes Mellitus', 'Diabetes Mellitus, Type 1', 'Glucose Metabolism Disorders', 'Metabolic Disease', 'Endocrine System Diseases', 'Autoimmune Diseases', 'Immune System Diseases']",['VCTX210A unit'],['Uncategorized']
NCT06846424,SCT-001 CAR T Cells Therapy for Relapsed and Refractory Ovarian Cancer,"A Clinical Study to Evaluate the Safety and Tolerability of SCT-001 CAR-T Cells in Patients with Recurrent and Refractory Epithelial Ovarian Cancer, Fallopian Tube Cancer, and Peritoneal Cancer.",NOT_YET_RECRUITING,PHASE1,Shanghai Gynecologic Oncology Group,"['Ovarian Cancer', 'Fallopian Tube Carcinoma', 'Peritoneal Carcinoma']",['SCT-001 CAR-T cells'],['Uncategorized']
NCT07340853,CRISPR Delivered Anti-BCMA Car-T Therapy for Relapsed or Refractory Multiple Myeloma,A Phase 1b Clinical Trial of CRISPR Delivered Anti-BCMA Chimeric Antigen Receptor T Cells for Treatment of Relapsed or Refractory Multiple Myeloma,SUSPENDED,PHASE1,"Thomas Martin, MD","['Multiple Myeloma', 'Recurrent Multiple Myeloma', 'Refractory Multiple Myeloma']","['Leukapheresis', 'Cyclophosphamide', 'Chimeric Antigen Receptor T cells (CAR-T) Targeting BCMA', 'Quality of Life (QoL) Questionnaires', 'Bone Marrow Biopsy', 'Biospecimen Collection', 'Fludarabine', 'Radiographic imaging']",['Uncategorized']
NCT03399448,NY-ESO-1-redirected CRISPR (TCRendo and PD1) Edited T Cells (NYCE T Cells),Phase 1 Trial of Autologous T Cells Engineered to Express NY-ESO-1 TCR and CRISPR Gene Edited to Eliminate Endogenous TCR and PD-1 (NYCE T Cells),TERMINATED,PHASE1,University of Pennsylvania,"['Multiple Myeloma', 'Melanoma', 'Synovial Sarcoma', 'Myxoid/Round Cell Liposarcoma']","['NY-ESO-1 redirected autologous T cells with CRISPR edited endogenous TCR and PD-1', 'Cyclophosphamide', 'Fludarabine', 'NY-ESO-1 expression testing']",['Uncategorized']
NCT07428473,A Study of STX-1150 in Participants With Elevated Low-Density Lipoprotein Cholesterol (LDL-C),"A Phase 1 Open-Label Single Ascending Dose (Part 1) and Single or Multi-Dose Expansion (Part 2) Study to Evaluate Safety, Tolerability, Pharmacokinetics, and Pharmacodynamics of STX-1150 in Participants With Elevated Low-Density Lipoprotein Cholesterol (LDL-C)",RECRUITING,PHASE1,Monash University,['Elevated LDL-C and High Cholesterol'],['STX-1150'],['Uncategorized']
NCT04122742,Diagnosis of RSTS: Identification of the Acetylation Profiles as Epigenetic Markers for Assessing Causality of CREBBP and EP300 Variants.,Diagnosis of RSTS: Identification of the Acetylation Profiles as Epigenetic Markers for Assessing Causality of CREBBP and EP300 Variants.,UNKNOWN,Not Specified,"University Hospital, Bordeaux",['Rubinstein-Taybi Syndrome'],"['skin biopsy for the primary fibroblast culture and a 15 ml blood sample (3 unnamed samples of 5ml) in each of the 4 SRT patients included.', 'Generation of Induced Pluripotent Stem Cells (iPSC) from fibroblasts obtained by skin biopsy', 'Histone acetylation profiles of cells of SRT patients with CREBBP mutations', 'Functional involvement of identified epigenetic alterations', 'Culture of lymphoblastoid line from blood sample']",['Uncategorized']
NCT06622668,NTLA-3001 in Adults with Alpha-1 Antitrypsin Deficiency-Associated Lung Disease,"Phase 1/2 Multicenter, Open-label Study to Evaluate Safety, Tolerability, Pharmacokinetics, and Pharmacodynamics of NTLA-3001 in Participants with Alpha-1 Antitrypsin Deficiency (AATD)-Associated Lung Disease",WITHDRAWN,"PHASE1, PHASE2",Intellia Therapeutics,"['Lung Disease', 'Pulmonary Disease', 'AATD', 'Alpha-1 Antitrypsin Deficiency', 'Alpha-1 Antitrypsin Deficiency-associated Lung Disease']",['Biological NTLA-3001'],['Uncategorized']
NCT07399873,Outcomes From Point-of-Care Sexually Transmitted Infection (STI) Testing in an Urban Sexual Health Clinic: A Randomized Trial,Outcomes From Point-of-Care STI Testing in an Urban Sexual Health Clinic: A Randomized Trial,NOT_YET_RECRUITING,NA,Massachusetts General Hospital,"['Neisseria Gonorrhoeae Infection', 'Chlamydia Trachomatis Infection']","['Point-of-care assay for chlamydia and gonorrhea', 'Laboratory-based chlamydia and gonorrhea NAAT', 'CRISPR-based assay']",['Uncategorized']
NCT03728322,iHSCs With the Gene Correction of HBB Intervent Subjests With β-thalassemia Mutations,"A Safety and Efficacy Study of a Single Center, Open-label, Single Arm About the Gene Correction of HBB in Patient-specific iHSCs Using CRISPR/Cas9 That Intervent Subjests With β-thalassemia Mutations",UNKNOWN,EARLY_PHASE1,"Allife Medical Science and Technology Co., Ltd.",['Thalassemia'],['iHSCs treatment group'],['HBB']
NCT04478409,Characterization of a Functional Test for Mediterranean Family Fever Screening - 2,Characterization of a Functional Test for Mediterranean Family Fever Screening - 2,RECRUITING,Not Specified,Hospices Civils de Lyon,"['Familial Mediterranean Fever', 'MEFV Gene Mutation']",['one additional blood sample during a planned blood test'],['Uncategorized']
NCT03342547,Identification of Host Factors of Norovirus Infections in Mini-Gut Model,Genome-wide CRISPR Screen for Host Factors Associated With Norovirus Infections in Stem Cell-derived Human Intestinal Enteroid Model,UNKNOWN,NA,Chinese University of Hong Kong,['Gastrointestinal Infection'],"['Duodenal biopsy', 'Saliva']",['Uncategorized']
NCT07067255,Sequential CD146 and GPC3 CAR-T Cell Therapy in Advanced Ovarian Cancer,Phase 1/2 Study of Sequential CD146 and GPC3 CAR-T Cell Therapy in Advanced Ovarian Cancer,RECRUITING,"PHASE1, PHASE2",Essen Biotech,"['Ovarian Cancer', 'Ovarian Carcinoma', 'Ovarian Sarcoma', 'Ovarian Cancer Stage IV']",['GPC3 CD146 CAR-T cells'],['Uncategorized']
NCT04535505,Pathogenic Bordetella Rapid Detection,Establishment a Nucleic Acid Rapid Detection Technology Platform for Detecting Pathogenic Bordetella and Its Drug Resistance Genes,WITHDRAWN,Not Specified,Children's Hospital of Fudan University,['Pertussis'],['Detection pathogenic pertussis by cross primer constant temperature amplification (CPA) and drug resistant genes of erythromycin by CRISPR technology'],['Uncategorized']
NCT06287099,Clinical Study of BRL-101 in the Treatment of Sickle Cell Disease,Clinical Study on the Safety and Efficacy of a Single Intravenous Dose of CRISPR/Cas9-Edited Autologous CD34+ Hematopoietic Stem/Progenitor Cells (BRL-101) in the Treatment of Sickle Cell Disease,UNKNOWN,NA,Bioray Laboratories,['Sickle Cell Disease'],['BRL-101'],['Uncategorized']
NCT04443907,Study of Safety and Efficacy of Genome-edited Hematopoietic Stem and Progenitor Cells in Sickle Cell Disease (SCD),"A First-in-patient Phase I/II Clinical Study to Investigate the Safety, Tolerability and Efficacy of Genome-edited Hematopoietic Stem and Progenitor Cells in Subjects With Severe Complications of Sickle Cell Disease",TERMINATED,PHASE1,Novartis Pharmaceuticals,['Sickle Cell Disease'],"['OTQ923', 'OTQ923']",['Uncategorized']
NCT07549698,Safety and Preliminary Efficacy of CTX112 in Adult Participants With Relapsed/Refractory Hematologic Autoimmune Disease,A Phase 1/2 Dose Evaluation Trial of the Safety and Preliminary Efficacy of Anti CD19 Allogeneic CRISPR-Cas9-Engineered T Cells (CTX112) in Adult Participants With Relapsed/Refractory Hematologic Autoimmune Disease,RECRUITING,"PHASE1, PHASE2",CRISPR Therapeutics AG,"['Warm Autoimmune Hemolytic Anemia (WAIHA)', 'ITP - Immune Thrombocytopenia', 'Warm Autoimmune Hemolytic Anemia', 'Immune Thrombocytopenic Purpura']",['CTX112'],['Uncategorized']
NCT02793856,PD-1 Knockout Engineered T Cells for Metastatic Non-small Cell Lung Cancer,A Phase I Clinical Trial of PD-1 Knockout Engineered T Cells Treating Patients With Advanced Non-small Cell Lung Cancer,COMPLETED,PHASE1,Sichuan University,['Metastatic Non-small Cell Lung Cancer'],"['Cyclophosphamide', 'PD-1 Knockout T Cells']",['Uncategorized']
NCT06325072,Set-up of a Platform for Personalized Diagnosis of Rare Kidney Diseases (NIKE),Set-up of a Platform for Personalized Diagnosis of Rare Kidney Diseases (NIKE),UNKNOWN,NA,Meyer Children's Hospital IRCCS,['Chronic Kidney Diseases'],"['Conclusive genetic testing', 'Genotype-phenotype correlation for personalized diagnosis', 'Personalized study of variants of uncertain clinical significance (VUS) through functional studies on 3D organ-on-a-chip']",['Uncategorized']
NCT07125274,Sputum-free Diagnostis of TB,Biomarker-guided Diagnosis of Tuberculosis,RECRUITING,Not Specified,Research Center Borstel,['Tuberculosis'],['Biomarker-guided diagnostic tests'],['Uncategorized']
NCT06321289,Allogeneic TRAC Locus-inserted CD19-targeting STAR T Cell Therapy in r/r B-NHL,Allogeneic TRAC Locus-inserted CD19-targeting Synthetic T-cell Receptor Antigen Receptor (STAR) T Cells for Relapsed/Refractory B-cell Non-Hodgkin's Lymphoma,RECRUITING,"PHASE1, PHASE2",Chinese PLA General Hospital,"['Non-hodgkin Lymphoma,B Cell']","['Allogeneic CD19-STAR T cell', 'Fludarabine', 'Cyclophosphamide']",['Uncategorized']
NCT06783270,T-cell Therapy with CRISPR PD1-edited Tumor Infiltrating Lymphocytes for Patients with Metastatic Melanoma,T-cell Therapy with CRISPR PD1-edited Tumor Infiltrating Lymphocytes for Patients with Metastatic Melanoma,RECRUITING,PHASE1,Inge Marie Svane,['Melanoma Metastatic'],['TIL therapy'],['Uncategorized']
NCT03872479,Single Ascending Dose Study in Participants With LCA10,"Open-Label, Single Ascending Dose Study to Evaluate the Safety, Tolerability, and Efficacy of EDIT-101 in Adult and Pediatric Participants With Leber Congenital Amaurosis Type 10 (LCA10), With Centrosomal Protein 290 (CEP290)-Related Retinal Degeneration Caused by a Compound Heterozygous or Homozygous Mutation Involving c.2991+1655A>G in Intron 26 (IVS26) of the CEP290 Gene (""LCA10-IVS26"")",UNKNOWN,"PHASE1, PHASE2","Editas Medicine, Inc.","['Leber Congenital Amaurosis 10', 'Inherited Retinal Dystrophies', 'Eye Diseases, Hereditary', 'Retinal Disease', 'Retinal Degeneration', 'Vision Disorders', 'Eye Disorders Congenital']",['EDIT-101'],['Uncategorized']
NCT06465537,CRISPR/Cas9 Instantaneous Gene Editing Therapy to Intraocular Hypertensive POAG With MYOC Mutation,A Clinical Study on CRISPR/Cas9 Instantaneous Gene Editing Therapy to Primary Open-angle Glaucoma With Elevated Intraocular Pressure and MYOC Gene Mutation,UNKNOWN,NA,"Shanghai BDgene Co., Ltd.",['Primary Open Angle Glaucoma'],['BD113vVLP'],['Uncategorized']
NCT05037669,Programmed Allogeneic CRISPR-edited T Cells Engineered to Express Anti-CD19 Chimeric Antigen Receptor (PACE CART19) in Patients With Relapsed Or Refractory CD19+ Leukemia and Lymphoma,"Phase I Trial of Programmed Allogeneic CRISPR-edited T Cells (PACE) Gene Edited to Eliminate Endogenous TCR, HLA-class I and HLA-class II and Engineered to Express Anti-CD19 Chimeric Antigen Receptor (PACE CART19) in Patients With Relapsed Or Refractory CD19+ Leukemia and Lymphoma",WITHDRAWN,PHASE1,University of Pennsylvania,"['Acute Lymphoblastic Leukemia', 'Chronic Lymphocytic Leukemia', 'Non Hodgkin Lymphoma']",['PACE CART19'],['Uncategorized']
NCT06672237,A Phase 3 Study of NTLA-2001 in ATTRv-PN,"MAGNITUDE-2: A Phase 3, Multinational, Randomized, Double-Blind, Placebo-Controlled Study to Evaluate the Efficacy and Safety of NTLA-2001 in Participants With Hereditary Transthyretin Amyloidosis With Polyneuropathy (ATTRv-PN)",RECRUITING,PHASE3,Intellia Therapeutics,"['Neuromuscular Disease', 'Neuromuscular Diseases (NMD)', 'Neurodegenerative Disease', 'Neurodegenerative Disease, Hereditary', 'Neurodegenerative Diseases', 'Neuromuscular Diseases', 'Nerve Disorders', 'Nervous System Disease', 'Nervous System Diseases', 'Genetic Disease, Inborn', 'Amyloidosis, Familial', 'Amyloidosis, Hereditary', 'Amyloidosis', 'Polyneuropathies', 'Amyloid Neuropathies', 'Amyloid Neuropathies, Familial', 'Peripheral Nervous System Disease', 'Peripheral Nervous System Diseases', 'Metabolism, Inborn Errors', 'Metabolic Diseases']","['nexiguran ziclumeran', 'Normal Saline as Placebo']",['Uncategorized']
NCT06025032,a Study in Subjects With Otoferlin Mutation-related Hearing Loss Using RNA Base-eDiting Therapy(SOUND),"An Open-label, Multiple-cohort, Dose-finding, Investigator-initiated Trial to Evaluate the Safety, Tolerability, and Efficacy of HG205 RNA Base-Editing Therapy in Subjects With OTOF-p.Q829X Mutation-associated Hearing Loss",WITHDRAWN,EARLY_PHASE1,"HuidaGene Therapeutics Co., Ltd.",['Congenital Hearing Loss'],['HG205'],['Uncategorized']
NCT05309733,A Long-term Follow-up Study of Patients Who Received VOR33,A Long-term Follow-up Study of Patients Who Received VOR33,TERMINATED,Not Specified,Vor Biopharma,"['Leukemia, Myeloid, Acute']",['VOR33'],['Uncategorized']
NCT05444894,EDIT-301 for Autologous Hematopoietic Stem Cell Transplant (HSCT) in Participants With Transfusion-Dependent Beta Thalassemia (TDT),"A Multicenter Study to Evaluate the Safety, Tolerability, and Efficacy of a Single Dose of Autologous Clustered Regularly Interspaced Short Palindromic Repeats Gene-edited Cluster of Differentiation 34 (CD34+) Human Hematopoietic Stem and Progenitor Cells (HSPC) (EDIT-301) in Transfusion-Dependent Beta Thalassemia (TDT)",ACTIVE_NOT_RECRUITING,"PHASE1, PHASE2","Editas Medicine, Inc.","['Transfusion Dependent Beta Thalassemia', 'Hemoglobinopathies', 'Thalassemia Major', 'Thalassemia Intermedia']",['EDIT-301'],['Uncategorized']
NCT02863913,PD-1 Knockout Engineered T Cells for Muscle-invasive Bladder Cancer,A Dose-escalation Phase I Trial of PD-1 Knockout Engineered T Cells for the Treatment of Muscle-invasive Bladder Cancer,WITHDRAWN,PHASE1,Peking University,['Invasive Bladder Cancer Stage IV'],"['PD-1 Knockout T Cells', 'Cyclophosphamide', 'IL-2']",['Uncategorized']
NCT05850871,Drug Resistance Mechanism of Enterobacteriaceae and Its Strategies,Evaluation of Ceftazidime-avibactam Plus Aztreonam in Patients Infected by MBL-producing Enterobacterales and CRISPR/Cas9-based Strategy for Curing Drug-resistant Genes,UNKNOWN,NA,Qianfoshan Hospital,['Carbapenem-Resistant Enterobacteriaceae Infection'],"['CAZ/AVI plus Aztreonam', 'Conventional treatment']",['Uncategorized']
NCT04535648,Detection of Enterovirus Genotypes by CRISPR Technology,Rapid Identification and Clinical Transformation of Various Enterovirus Genotypes Based on CRISPR Technology,WITHDRAWN,Not Specified,Children's Hospital of Fudan University,['Enterovirus Infections'],['Non-invasive detection method: CRISPR techonology'],['Uncategorized']
NCT05601557,Research on the Clinical Characteristics and Key Diagnosis and Treatment Technology of Genetic and Metabolic Liver Disease,Research on the Clinical Characteristics and Key Diagnosis and Treatment Technology of Genetic and Metabolic Liver Disease,UNKNOWN,Not Specified,Sujun Zheng,['Diagnosis ， Treatment， Genetic and Metabolic Liver Disease'],['There is no intervention'],['Uncategorized']
NCT04244656,A Safety and Efficacy Study Evaluating CTX120 in Subjects With Relapsed or Refractory Multiple Myeloma,A Phase 1 Dose Escalation and Cohort Expansion Study of the Safety and Efficacy of Anti-BCMA Allogeneic CRISPR-Cas9-Engineered T Cells (CTX120) in Subjects With Relapsed or Refractory Multiple Myeloma,TERMINATED,PHASE1,CRISPR Therapeutics AG,['Multiple Myeloma'],['CTX120'],['Uncategorized']
NCT06775561,Precision Diagnosis and Therapy for Rare Diseases by Interpreting Non-coding Genomes,Precision Diagnosis and Therapy for Rare Diseases by Interpreting Non-coding Genomes (PARADIGM),RECRUITING,Not Specified,IRCCS Azienda Ospedaliero-Universitaria di Bologna,"['Neuromuscular Diseases', 'Eye Diseases', 'Genetic Disease']",['PARADIGM study aims to streamline the process from genomic characterization of RGD patients with ED/NMD to identification of the suitable personalized therapy.'],['Uncategorized']
NCT02867332,PD-1 Knockout Engineered T Cells for Metastatic Renal Cell Carcinoma.,A Dose-escalation Phase I Trial of PD-1 Knockout Engineered T Cells for the Treatment of Metastatic Renal Cell Carcinoma,WITHDRAWN,PHASE1,Peking University,['Metastatic Renal Cell Carcinoma'],"['PD-1 Knockout T Cells', 'Cyclophosphamide', 'IL-2']",['Uncategorized']
NCT04438083,A Safety and Efficacy Study Evaluating CTX130 in Subjects With Relapsed or Refractory Renal Cell Carcinoma (COBALT-RCC),"A Phase 1 Dose Escalation and Cohort Expansion Study of the Safety and Efficacy of Allogeneic CRISPR-Cas9-Engineered T Cells (CTX130) in Subjects With Advanced, Relapsed or Refractory Renal Cell Carcinoma With Clear Cell Differentiation",TERMINATED,PHASE1,CRISPR Therapeutics AG,['Renal Cell Carcinoma'],['CTX130'],['Uncategorized']
NCT04074369,Evaluation of CRISPR-based Test for the Rapid Identification of TB in Pulmonary Tuberculosis Suspects,Evaluation of CRISPR-based Test for the Rapid Identification of Mycobacterium Tuberculosis Complex in Pulmonary Tuberculosis Suspects,UNKNOWN,Not Specified,Huashan Hospital,"['Tuberculosis, Pulmonary']",['CRISPR-based Test'],['Uncategorized']
NCT05643742,A Safety and Efficacy Study Evaluating CTX112 in Subjects With Relapsed or Refractory B-Cell Malignancies,"A Phase 1/2, Open-Label, Multicenter, Dose Escalation and Cohort Expansion Study of the Safety and Efficacy of Anti-CD19 Allogeneic CRISPR-Cas9-Engineered T Cells (CTX112) in Subjects With Relapsed or Refractory B Cell Malignancies",RECRUITING,"PHASE1, PHASE2",CRISPR Therapeutics AG,"['B-cell Lymphoma', 'Non-Hodgkin Lymphoma', 'B-cell Malignancy', 'Chronic Lymphocytic Leukemia (CLL)/Small Lymphocytic Lymphoma (SLL)', 'Follicular Lymphoma', 'Mantle Cell Lymphoma', 'Marginal Zone Lymphoma', 'Large B-cell Lymphoma']",['CTX112'],['Uncategorized']
NCT05795595,A Safety and Efficacy Study Evaluating CTX131 in Adult Subjects With Relapsed or Refractory Solid Tumors,"A Phase 1/2, Open-label, Multicenter, Dose Escalation and Cohort Expansion Study of the Safety and Efficacy of Anti-CD70 Allogeneic CRISPR-Cas9-Engineered T Cells (CTX131) in Adult Subjects With Relapsed or Refractory Solid Tumors",COMPLETED,"PHASE1, PHASE2",CRISPR Therapeutics AG,"['Clear Cell Renal Cell Carcinoma', 'Cervical Carcinoma', 'Esophageal Carcinoma', 'Pancreatic Adenocarcinoma', 'Malignant Pleural Mesothelioma']",['CTX131'],['Uncategorized']
NCT06752876,"CRISPR-Edited Allogeneic Anti-CD19 CAR-T Cell Therapy, in Patients With Refractory Systemic Lupus Erythematosus (GALLOP)","A Phase 1, Multicenter, Open-Label Study of CB-010, a CRISPR-Edited Allogeneic Anti-CD19 CAR-T Cell Therapy, in Patients With Refractory Systemic Lupus Erythematosus (GALLOP)",WITHDRAWN,PHASE1,"Caribou Biosciences, Inc.","['Systemic Lupus Erythematosus', 'Lupus', 'Lupus Erythematosus', 'Lupus Nephritis']",['CB-010'],['Uncategorized']
NCT03164135,Safety of Transplantation of CRISPR CCR5 Modified CD34+ Cells in HIV-infected Subjects With Hematological Malignances,Safety and Feasibility Study of Allotransplantation of CRISPR/Cas9 CCR5 Gene Modified CD34+ Hematopoietic Stem/Progenitor Cells in HIV-infected Subjects With Hematological Malignances,UNKNOWN,NA,Affiliated Hospital to Academy of Military Medical Sciences,['HIV-1-infection'],['CCR5 gene modification'],['Uncategorized']
NCT03747965,Study of PD-1 Gene-knocked Out Mesothelin-directed CAR-T Cells With the Conditioning of PC in Mesothelin Positive Multiple Solid Tumors,Phase I Study of CRISPR-Cas9 Mediated PD-1 Gene-knocked Out Mesothelin-directed CAR-T Cells With the Conditioning Regimen of Paclitaxel and Cyclophosphamide in Mesothelin Positive Multiple Solid Tumors,UNKNOWN,PHASE1,Chinese PLA General Hospital,"['Solid Tumor, Adult']",['Mesothelin-directed CAR-T cells'],['Uncategorized']
NCT04035434,A Safety and Efficacy Study Evaluating CTX110 in Subjects With Relapsed or Refractory B-Cell Malignancies (CARBON),A Phase 1/2 Dose Escalation and Cohort Expansion Study of the Safety and Efficacy of Allogeneic CRISPR-Cas9-Engineered T Cells (CTX110) in Subjects With Relapsed or Refractory B-Cell Malignancies (CARBON),TERMINATED,"PHASE1, PHASE2",CRISPR Therapeutics AG,"['B-cell Malignancy', 'Non-Hodgkin Lymphoma', 'B-cell Lymphoma', 'Adult B Cell ALL']",['CTX110'],['Uncategorized']
NCT05066165,Study Investigating NTLA-5001 in Subjects With Acute Myeloid Leukemia,"Phase 1/2a, Single Dose Study Investigating NTLA-5001 in Subjects With Acute Myeloid Leukemia",TERMINATED,"PHASE1, PHASE2",Intellia Therapeutics,['Acute Myeloid Leukemia'],"['Arm 1: NTLA-5001', 'Arm 2: NTLA-5001']",['Uncategorized']
NCT06611436,BeCoMe-9: A Clinical Study of BE-101 for the Treatment of Adults With Moderately Severe or Severe Hemophilia B,BeCoMe-9: A Phase 1/2 Dose Escalation and Expansion Study of BE-101 for the Treatment of Adults With Moderately Severe or Severe Hemophilia B,TERMINATED,"PHASE1, PHASE2",Be Biopharma,"['Hemophilia B', 'Hemophilia B, Moderately Severe or Severe']","['BE-101', 'BE-101', 'BE-101', 'BE-101']",['Uncategorized']
NCT07587021,Study of YOLT-203 in Children and Adults With Primary Hyperoxaluria Type 1 (PH1),"A Randomized, Double-blind, Placebo-controlled Study Followed by a Treatment Extension to Evaluate the Efficacy and Safety of YOLT-203 in Children and Adults With Primary Hyperoxaluria Type 1",RECRUITING,PHASE2,"YolTech Therapeutics Co., Ltd","['Primary Hyperoxaluria Type 1', 'PH1']","['YOLT-203', 'Placebo']",['Uncategorized']
NCT06128044,CRISPR-Edited Allogeneic Anti-CLL-1 CAR-T Cell Therapy in Patients With Relapsed/Refractory Acute Myeloid Leukemia,"A Phase 1, Multicenter, Open-Label Study of CB-012, a CRISPR-Edited Allogeneic Anti-CLL-1 CAR-T Cell Therapy in Patients With Relapsed/Refractory Acute Myeloid Leukemia",TERMINATED,PHASE1,"Caribou Biosciences, Inc.","['Acute Myeloid Leukemia, in Relapse', 'Acute Myeloid Leukemia Refractory']",['CB-012'],['Uncategorized']
NCT04774536,Transplantation of Clustered Regularly Interspaced Short Palindromic Repeats Modified Hematopoietic Progenitor Stem Cells (CRISPR_SCD001) in Patients With Severe Sickle Cell Disease,Transplantation of CRISPRCas9 Corrected Hematopoietic Stem Cells (CRISPR_SCD001) in Patients With Severe Sickle Cell Disease,RECRUITING,"PHASE1, PHASE2","Mark Walters, MD",['Sickle Cell Disease'],['CRISPR_SCD001'],['Uncategorized']
NCT05868915,HV-101 for Patients With Advanced Solid Tumors,"A Phase I/II Clinical Study on the Safety, Tolerability, and Preliminary Efficacy of HV-101 Injection for the Patients With Recurrent or Metastatic Solid Tumors",TERMINATED,PHASE1,Hervor Therapeutics,['Advanced Solid Tumors'],['HV-101'],['Uncategorized']
NCT07389785,Age Related Chromatin Remodelling as a Therapeutic Target for Organ Protection in Cardiac Surgery,Age Related Chromatin Remodelling as a Therapeutic Target for Organ Protection in Cardiac Surgery,ACTIVE_NOT_RECRUITING,Not Specified,University of Leicester,"['Cardiac Surgery', 'Organ Protection', 'Ageing']",['other'],['Uncategorized']
NCT00327652,Study of Safety and Tolerability of Intravenous CRS-100 in Adults With Carcinoma and Liver Metastases,Phase 1 Dose-Escalation Study of Safety and Tolerability of Intravenous CRS-100 in Adults With Carcinoma and Liver Metastases,COMPLETED,PHASE1,"Anza Therapeutics, Inc.","['Neoplasm Metastasis', 'Liver Neoplasms', 'Carcinoma']",['CRS-100'],['Uncategorized']
NCT06325709,Base Editing for Mutation Repair in Hematopoietic Stem & Progenitor Cells for X-Linked Chronic Granulomatous Disease,Phase 1/2 Trial of Base Editing for Mutation Repair in Hematopoietic Stem & Progenitor Cells for X-linked Chronic Granulomatous Disease,RECRUITING,"PHASE1, PHASE2",National Institute of Allergy and Infectious Diseases (NIAID),"['Chronic Granulomatous Disease (CGD)', 'X-Linked Chronic Granulomatous Disease']","['Campath', 'Sirolimus', 'Base-edited hematopoietic stem and progenitor cells', 'Busulfan', 'Palifermin', 'Filgrastim', 'Plerixafor']",['Uncategorized']
NCT03612310,Developing Protocols for Modelling of Genetic Diseases Using Induced Pluripotent Stem Cells,Developing Protocols for Modelling of Genetic Diseases Using Induced Pluripotent Stem Cells,RECRUITING,Not Specified,Sapna Vyas,['Genetic Disease'],['Skin biopsy/Urine Collection/Blood Sample Collection'],['Uncategorized']
NCT07470073,"A Clinical Study Exploring the Safety, Efficacy and Cell Metabolic Kinetics of Universal Car-t Cell Injection in CD19 and / or CD20 Positive Relapsed / Refractory B-cell Acute Lymphoblastic Leukemia in Adolescents, Children and Adults","A Clinical Study Exploring the Safety, Efficacy and Cell Metabolic Kinetics of Universal Car-t Cell Injection in CD19 and / or CD20 Positive Relapsed / Refractory B-cell Acute Lymphoblastic Leukemia in Adolescents, Children and Adults",RECRUITING,EARLY_PHASE1,"Union Hospital, Tongji Medical College, Huazhong University of Science and Technology",['ALL (Acute B-Lymphoblastic Leukemia)'],['CT1190B cell injection'],['Uncategorized']
NCT06315179,Seattle Spatial Transcriptomic Research in Inflammatory Bowel Disease Evaluation (STRIDE),Seattle Spatial Transcriptomic Research in Inflammatory Bowel Disease Evaluation,RECRUITING,Not Specified,Seattle Children's Hospital,"['Inflammatory Bowel Diseases', 'Crohn Disease', 'Ulcerative Colitis', 'Indeterminate Colitis', 'Functional Abdominal Pain Syndrome', 'Functional Bowel Disorder', 'Esophageal Diseases', 'Gastroduodenal Disorder', 'Bowel Dysfunction', 'Gallbladder Diseases', 'Sphincter of Oddi Dysfunction', 'Anorectal Disorder']","['Esophagogastroduodenoscopy (EGD) with biopsy', 'Colonoscopy w/ biopsy']",['Uncategorized']
NCT07675746,A Study to Evaluate the Safety and Pharmacokinetics of RC001 in Children With Dravet Syndrome,"An Investigator-Initiated Clinical Study to Evaluate the Safety, Tolerability, Pharmacokinetics, and Efficacy of RC001 in Patients With Dravet Syndrome Aged 2 to 18 Years",RECRUITING,EARLY_PHASE1,Second Affiliated Hospital of Guangzhou Medical University,['Dravet Syndrome (DS)'],"['RC001 injection-Dose Escalation Cohort', 'RC001 injection-Fixed Dose Cohort']",['Uncategorized']
NCT06676631,NK010 or NK042 in Combination With Rituximab for Refractory Systemic Lupus Erythematosus/Lupus Nephritis,NK010 or NK042 Cell Injection in Combination With Rituximab in Patients With Refractory Systemic Lupus Erythematosus or Lupus Nephritis,RECRUITING,PHASE1,Guangdong Provincial People's Hospital,"['Refractory Systemic Lupus Erythematosus', 'Refractory Lupus Nephritis']","['NK 010 or NK042', 'Rituximab']",['Uncategorized']
NCT06112327,Long-term Follow-up of Participants Dosed With an Investigational Gene Editing Therapy for Cardiovascular Disease,Long-term Follow-up Study of Investigational Gene-editing Therapies in Participants With or at High Risk for Cardiovascular Disease,ENROLLING_BY_INVITATION,Not Specified,"Verve Therapeutics, Inc.","['Atherosclerotic Cardiovascular Disease', 'Heterozygous Familial Hypercholesterolemia', 'Hypercholesterolemia']",[],['Uncategorized']
NCT07261891,Ex Vivo Evaluation of JAK-inhibitor and Gene Therapeutical Approach in JAK-STAT Related Disorders,Ex Vivo Evaluation of JAK-inhibitor and Gene Therapeutical Approach in JAK-STAT Related Disorders (JAKarta Study),RECRUITING,NA,prof. dr. Rik Schrijvers,['Primary Immunodeficiency Diseases (PID)'],['blood sampling'],['Uncategorized']
NCT07353398,"Early-phase Study of ART002g1 Injection in HeFH: Safety, Tolerability and Preliminary Efficacy","Early-phase Clinical Study on Safety, Tolerability and Preliminary Efficacy of ART002g1 Injection in the Treatment of Heterozygous Familial Hypercholesterolemia",NOT_YET_RECRUITING,EARLY_PHASE1,"Shanghai General Hospital, Shanghai Jiao Tong University School of Medicine",['Heterozygous Familial Hypercholesterolemia'],['ART002g1 Injection'],['Uncategorized']
NCT05694364,Dose Escalation/Dose Expansion Study of PRGN-3007 UltraCAR-T Cells in Patients With Advanced Hematologic and Solid Tumor Malignancies,A Phase 1/1b Dose Escalation/Dose Expansion Study of PRGN-3007 UltraCAR-T Cells in Patients With Advanced Hematologic and Solid Tumor Malignancies,COMPLETED,PHASE1,H. Lee Moffitt Cancer Center and Research Institute,"['Chronic Lymphocytic Leukemia', 'Mantle Cell Lymphoma', 'Acute Lymphoblastic Leukemia', 'Diffuse Large B Cell Lymphoma', 'Triple Negative Breast Cancer Malignancies']","['Fludarabine', 'Cyclophosphamide', 'PRGN-3007']",['Uncategorized']
NCT05713214,Long-term Follow-up After Adoptive Transfer of Genetically Modified Cell Products,Long-term Follow-up After Adoptive Transfer of Genetically Modified Cell Products,RECRUITING,Not Specified,St. Jude Children's Research Hospital,"['Relapsed Hematologic Malignancy', 'Refractory Hematologic Malignancy']",[],['Uncategorized']
NCT05835674,CP-EDIT: Cerebral Palsy - Early Diagnosis and Intervention Trial,Multi-center Prospective Cohort Study CP-EDIT: Cerebral Palsy - Early Diagnosis and Intervention Trial,RECRUITING,Not Specified,"Rigshospitalet, Denmark",['Cerebral Palsy'],['Early intervention program'],['Uncategorized']
NCT06392724,A Study to Evaluate the Safety and Tolerability of GEN6050X in Duchenne Muscular Dystrophy.,"A Single-arm, Open-label, Single-center Study to Evaluate the Safety and Tolerability of Intravenous GEN6050X Gene Therapy in Ambulatory Boys With Duchenne Muscular Dystrophy (DMD).",ACTIVE_NOT_RECRUITING,EARLY_PHASE1,Peking Union Medical College Hospital,['Duchenne Muscular Dystrophy (DMD)'],['GEN6050X intravenous injection'],['Uncategorized']
NCT06647979,Hematopoietic Stem Cell BCL11A Enhancer Gene Editing for Severe β-Hemoglobinopathies,An Adaptive Design Basket Trial of Hematopoietic Stem Cell BCL11A Enhancer Gene Editing for Severe β-Hemoglobinopathies,RECRUITING,PHASE1,Daniel Bauer,"['Sickle Cell Disease', 'Sickle Cell Anemia (HbSS, or HbSβ-thalassemia0)', 'Beta-Thalassemia', 'Transfusion Dependent Beta-Thalassaemia']","['autologous bone marrow derived CD34+ HSPCs electroporated with BCL11A enhancer targeting Cas9 ribonucleoprotein', 'Sequencing Assay for Variant rs114518452']",['Uncategorized']
NCT06860672,Clinical Trial of the Dual Vector Base Editor for the Treatment of the CHD3-R1025W Mutation,"Safety, Tolerability and Preliminary Efficacy Study of a Single Intrathecal Injection of the Dual Vector AAV-CHD3-R1025W Base Editor for the Treatment of Developmental Disorders Caused by the R1025W Mutation in the CHD3 Gene",TERMINATED,EARLY_PHASE1,Yongguo Yu,"['Developmental Delay Disorder', 'Intellectual Disability', 'Rare Diseases']",['Dual vector DNA base editor'],['Uncategorized']
NCT07746986,DECIPHERING AND TARGETING VEXAS,Devising Targeted Therapies Against VEXAS Syndrome by Untangling the Vicious Interplay of Inflammation and Clonal Dominance,COMPLETED,Not Specified,IRCCS San Raffaele,['VEXAS'],[],['Uncategorized']
NCT06479616,A Long-term Follow-up Study in Participants Who Received CS-101,A Long-term Follow-up Study Evaluating the Safety and Efficacy of Subjects With β-thalassemia Treated With Base-edited Autologous Hematopoietic Stem Cell (CS-101) Transplantation,RECRUITING,NA,Children's Hospital of Fudan University,['Beta-Thalassemia'],['CS-101'],['Uncategorized']
NCT06685536,A Long-term Follow-up Study in Participants Who Received CS-101,A Long-term Follow-up Study Evaluating the Safety and Efficacy of Subjects With β-thalassemia Treated With Base-edited Autologous Hematopoietic Stem Cell (CS-101) Transplantation,ENROLLING_BY_INVITATION,Not Specified,"CorrectSequence Therapeutics Co., Ltd",['Beta-Thalassemia'],['Safety and efficacy assessments'],['Uncategorized']
NCT07254208,A Long-term Observational Study in Participants Who Have Received PBGENE-HBV,"A Long-term Observational Study in Participants Who Have Received PBGENE-HBV, an In Vivo Gene Editing Investigational Product, in a Prior Clinical Study",ENROLLING_BY_INVITATION,Not Specified,"Precision BioSciences, Inc.",['Chronic HBV Infection'],['PBGENE-HBV'],['Uncategorized']
NCT02702115,Ascending Dose Study of Genome Editing by the Zinc Finger Nuclease (ZFN) Therapeutic SB-318 in Subjects With MPS I,"A Phase I / 2, Multicenter, Open-label, Single-dose, Dose-ranging Study to Assess the Safety and Tolerability of SB-318, a rAAV2/6-based Gene Transfer in Subjects With Mucopolysaccharidosis I (MPS I)",TERMINATED,"PHASE1, PHASE2",Sangamo Therapeutics,['MPS I'],['SB-318'],['Uncategorized']
NCT05398029,A Study of VERVE-101 in Patients With Familial Hypercholesterolemia and Cardiovascular Disease,"Open-label, Phase 1b, Single-ascending Dose and Optional re Dosing Study to Evaluate the Safety of VERVE-101 Administered to Patients With Heterozygous Familial Hypercholesterolemia, Atherosclerotic Cardiovascular Disease, and Uncontrolled Hypercholesterolemia",COMPLETED,PHASE1,"Verve Therapeutics, Inc.","['Heterozygous Familial Hypercholesterolemia', 'Atherosclerotic Cardiovascular Disease', 'Hypercholesterolemia']",['VERVE-101'],['Uncategorized']
NCT05153967,Cooperative Assessment of Late Effects for SCD Curative Therapies,U01 Cooperative Assessment of Late Effects for Sickle Cell Disease Curative Therapies,RECRUITING,Not Specified,Vanderbilt University Medical Center,"['Sickle Cell Disease', 'Pulmonary Disease', 'Renal Disease', 'Heart Disease']",[],['Uncategorized']
NCT03627104,Effect of Dietary Protein and Energy Restriction in the Improvement of Insulin Resistance in Subjects With Obesity,Effect of Dietary Protein and Energy Restriction in the Improvement of Insulin Resistance in Subjects With Obesity,COMPLETED,NA,Instituto Nacional de Ciencias Medicas y Nutricion Salvador Zubiran,"['Obesity', 'Insulin Resistance']","['Normoprotein diet with animal protein', 'Normoprotein diet with vegetable protein', 'High-protein diet with animal protein', 'High-protein diet with vegetable protein']",['Uncategorized']
NCT06952842,Safety and Efficacy of ZVS203e in the Treatment of Retinitis Pigmentosa Caused by RHO Gene Mutation,"A Single-Arm, Open-Label, Phase 1/2 Clinical Trial of ZVS203e in Subjects With Retinitis Pigmentosa Associated With RHO Mutation",RECRUITING,"PHASE1, PHASE2","Chigenovo Co., Ltd",['Retinitis Pigmentosa'],['ZVS203e'],['Uncategorized']
NCT03041324,Ascending Dose Study of Genome Editing by the Zinc Finger Nuclease (ZFN) Therapeutic SB-913 in Subjects With MPS II,"A Phase I / 2, Multicenter, Open-label, Single-dose, Dose-ranging Study to Assess the Safety and Tolerability of SB-913, a rAAV2/6-based Gene Transfer in Subjects With Mucopolysaccharidosis II (MPS II)",TERMINATED,"PHASE1, PHASE2",Sangamo Therapeutics,"['Mucopolysaccharidosis II', 'MPS II']",['SB-913'],['Uncategorized']
NCT07412405,"This Clinical Trial is a Single-arm, Non-randomized Pilot Trial to Determine the Safety of Administering Autologous Anti-C19 Cells (ARI-0001) and the Feasibility of Local CAR-T Cell Production in Patients Over 18 Years of Age With Relapsed/Refractory (R/R) CD19+ Hematologic Malignancies, Including R",ACITAC-001: Hybrid Type Two Implementation Study of CAR-T Therapy in Colombia Based on a Pilot Clinical Trial ARI-0001 T Cells With Anti-CD19 Chimeric Antigen Receptor (CAR-T) for the Treatment of Recurrent/Refractory CD19+ Hematolymphoid Neoplasms.,NOT_YET_RECRUITING,NA,GUSTAVO SALGUERO,"['Adult B-cell Acute Lymphoblastic Leukemia', 'Follicular Lymphoma (FL)', 'Mantle Cell Lymphoma (MCL)', 'Diffuse Large B-Cell Lymphoma (DLBCL)', 'Chronic Lymphocytic Leukemia']",['ARI-0001 T cells with anti-CD19 chimeric antigen receptor (CAR-T)'],['Uncategorized']
NCT02343666,HIV-Resistant Gene Modified Stem Cells and Chemotherapy in Treating Patients With Lymphoma With HIV Infection,A Clinical Trial of Gene-Modified Stem Cells to Generate HIV-Resistant Cells in Conjunction With Standard Chemotherapy for Treatment of Lymphoma in Patients With HIV Infection,WITHDRAWN,PHASE1,Fred Hutchinson Cancer Center,"['Human Immunodeficiency Virus 1 Positive', 'Stage I Adult Hodgkin Lymphoma', 'Stage I Adult Non-Hodgkin Lymphoma', 'Stage II Adult Hodgkin Lymphoma', 'Stage II Adult Non-Hodgkin Lymphoma', 'Stage III Adult Hodgkin Lymphoma', 'Stage III Adult Non-Hodgkin Lymphoma', 'Stage IV Adult Hodgkin Lymphoma', 'Stage IV Adult Non-Hodgkin Lymphoma']","['C46/CCR5/P140K Lentiviral Vector-transduced Autologous HSPCs', 'Carmustine', 'Filgrastim', 'Laboratory Biomarker Analysis', 'O6-Benzylguanine', 'Plerixafor']",['Uncategorized']
NCT04501081,Natural History of Autosomal Dominant Hearing Loss,Natural History of Autosomal Dominant Hearing Loss,RECRUITING,Not Specified,National Institute on Deafness and Other Communication Disorders (NIDCD),['Hearing Loss'],[],['Uncategorized']
NCT07284433,"Study of Allo-QuadCAR01-T, an Allogeneic CAR-T Targeting CD19/CD20, in Patients With Relapsed or Refractory B-Cell Malignancies","A Single-arm, Multicenter, Open-label, Phase I/II Trial of Allo-QuadCAR01-T, an Allogeneic CAR-T-cell Therapy Targeting CD19 and CD20, for the Treatment of Relapsed or Refractory B-cell Malignancies",RECRUITING,"PHASE1, PHASE2","AvenCell Therapeutics, Inc.","['Lymphoma Diffuse Large B-cell', 'Leukemia and Lymphoma', 'Leukemia Relapse', 'Lymphoma Receiving CAR-T Therapy']","['Cyclophosphamide (Non-IMP, Lymphodepletion)', 'Fludarabine (Non-IMP, Lymphodepletion)', 'Allo-QuadCAR01-T']",['Uncategorized']
NCT07429240,PBGENE-DMD Phase 1/2a Safety and Preliminary Efficacy Study in Duchenne Muscular Dystrophy (FUNCTION-DMD),"A Phase 1/2a, Multi-center, Open-label Study to Evaluate the Safety, Tolerability, and Preliminary Efficacy of PBGENE-DMD in Participants With Duchenne Muscular Dystrophy (FUNCTION-DMD)",RECRUITING,"PHASE1, PHASE2","Precision BioSciences, Inc.",['Duchenne Muscular Dystrophy With Mutations Amenable to PBGENE-DMD'],['PBGENE-DMD (IV)'],['Uncategorized']
NCT04745559,Optimizing Cellular and Humoral Immunity by Vaccinating With PCV13 Before and After CAR-T Therapy,Optimizing Cellular and Humoral Immunity to Pneumococcus by Vaccination With Pneumococcal 13-valent Conjugate Vaccine Before and After CD19-targeted CAR T-cell Immunotherapy,ACTIVE_NOT_RECRUITING,PHASE2,H. Lee Moffitt Cancer Center and Research Institute,"['Diffuse Large-Cell Lymphoma', 'Primary Mediastinal Large B-Cell Lymphoma (PMBCL)', 'Transformed Follicular Lymphoma (TFL)', 'High-grade B-cell Lymphoma (HGBCL)', 'Follicular Lymphoma']","['Pneumococcal conjugate vaccine (PCV13)', 'CD19 targeted CAR T Cell Therapy']",['Uncategorized']
NCT06851767,Base-Edited Hematopoietic Stem/Progenitor Cell X-Linked Severe Combined Immunodeficiency Gene Therapy,Phase 1/2 Base-Edited Hematopoietic Stem/Progenitor Cell X-Linked Severe Combined Immunodeficiency Gene Therapy,ENROLLING_BY_INVITATION,"PHASE1, PHASE2",National Institute of Allergy and Infectious Diseases (NIAID),"['X-linked Severe Combined Immunodeficiency', 'X-SCID', 'XSCID']","['Plerixafor', 'Filgrastim', 'Palifermin', 'Busulfan', 'Base-edited hematopoietic stem and progenitor cells']",['Uncategorized']
NCT07485504,Safety and Efficacy of DIT101 in Relapsed or Refractory Hematologic Malignancies,"A Prospective, Single-Arm Study Evaluating the Safety and Efficacy of DIT101 in Subjects With Relapsed or Refractory Hematologic Malignancies",NOT_YET_RECRUITING,PHASE1,Tcelltech Inc.,['Relapsed or Refractory Hematologic Malignancies'],['In Vivo CAR-T Therapy'],['Uncategorized']
NCT02348515,Cardiovascular Disease Protection Tissue,Effects of ACE2/Ang-(1-7) on Cardiac Progenitor Cells From Heart Failure Patients and Explant Control,COMPLETED,Not Specified,University of Florida,['Myocardial Ischemia'],"['Heart failure or coronary disease', 'Heart transplant patients', 'Orthotopic Heart Transplant Patients', 'Heart Surgery Patients', 'Blood Draw']",['Uncategorized']
NCT06559176,A Study of the Safety and Efficacy of Prime Editing (PM359) in Participants With p47phox Autosomal Recessive Chronic Granulomatous Disease (CGD ),A Phase 1/2 Study Evaluating Gene Therapy by Transplantation of Autologous CD34+ Stem Cells Modified Ex Vivo Using Prime Editing (PM359) in Participants With Autosomal Recessive Chronic Granulomatous Disease Due to Mutations in the NCF1 Gene,ENROLLING_BY_INVITATION,"PHASE1, PHASE2","Prime Medicine, Inc.","['Chronic Granulomatous Disease', 'Granulomatous Disease, Chronic']",['PM359'],['Uncategorized']
NCT04201782,Long-term Follow-up of HIV Subjects Exposed to SB-728-T or SB-728mR-T,Long-Term Follow-up of HIV-Infected Subjects Treated With Autologous T-Cells Genetically Modified at the CCR5 Gene by Zinc Finger Nucleases (SB-728-T or SB-728mR-T),TERMINATED,Not Specified,Sangamo Therapeutics,['HIV-1-infection'],['There are no disallowed treatments'],['Uncategorized']
NCT05442346,Safety and Efficacy Evaluation of γ-globin Reactivated Autologous Hematopoietic Stem Cells,an Open Label Trial of Evaluation of the Safety and Efficacy of Treatment With γ-globin Reactivated Autologous Hematopoietic Stem Cells in Subjects With β-thalassemia Major,SUSPENDED,NA,Bioray Laboratories,['Thalassemia Major'],['γ-globin reactivated autologous hematopoietic stem cells'],['Uncategorized']
NCT05222178,Safety and Efficacy of HMI-103 in Participants With Classical PKU Due to PAH Deficiency,"A Phase 1, Open-Label, Dose-Escalation Study to Evaluate the Safety and Efficacy of HMI-103 Administered Intravenously in Adult Participants With Classical PKU Due to PAH Deficiency",TERMINATED,PHASE1,"Homology Medicines, Inc","['Phenylketonurias', 'PAH Deficiency', 'Phenylketonuria']",['HMI-103'],['Uncategorized']
NCT02964481,Malignant Hyperthermia Registry and Genetic Testing,Donation of Blood for Genetic Testing With Clinical Data From the North American Malignant Hyperthermia Registry,TERMINATED,Not Specified,"Children's Hospital Medical Center, Cincinnati",['Malignant Hyperthermia'],['Whole exome sequencing'],['Uncategorized']
NCT05652530,Clinical Study of the Safety and Efficacy of BCMA CAR-NK,Clinical Study of the Safety and Efficacy of Chimeric Antigen Receptor NK Cell Injection Targeting BCMA (BCMA CAR-NK) in Patients With Relapsed/Refractory Multiple Myeloma,UNKNOWN,EARLY_PHASE1,"Shenzhen Pregene Biopharma Co., Ltd.","['Immunotherapy', 'Multiple Myeloma']",['Chimeric Antigen Receptor NK Cell Injection Targeting BCMA (BCMA CAR-NK)'],['Uncategorized']
NCT06445322,Prescreening Study to Identify Potential Stargardt Participants for ACDN-01 Clinical Trials (STARPATH),Prescreening Study to Identify Potential Participants With ABCA4-related Retinopathy for ACDN-01 Clinical Trials,RECRUITING,Not Specified,"Ascidian Therapeutics, Inc","['Stargardt Disease', 'Stargardt Disease 1', 'Cone Rod Dystrophy', 'Juvenile Macular Degeneration']",['Prescreening Assessments'],['Uncategorized']
NCT02989701,Pilot and Feasibility Trial of Plerixafor for Hematopoietic Stem Cell (HSC) Mobilization in Patients With Sickle Cell Disease Pilot and Feasibility Trial of Plerixafor for Hematopoietic Stem Cell (HSC) Mobilization in Patients With Sickle Cell Disease,Pilot and Feasibility Trial of Plerixafor for Hematopoietic Stem Cell (HSC) Mobilization in Patients With Sickle Cell Disease,COMPLETED,PHASE1,Alessandra Biffi,['Sickle Cell Disease Without Crisis'],['Plerixafor'],['Uncategorized']
NCT07371767,CS-121 APOC3 Base Editing in Children and Adolescents With Hyperchylomicronemia,"A Prospective, Single-center, Open-label, Single-arm Clinical Study to Evaluate the Safety and Efficacy of CS-121, an In Vivo Base Editing Therapy Delivered by Lipid Nanoparticles Targeting APOC3, in Children and Adolescents With Hyperchylomicronemia",RECRUITING,EARLY_PHASE1,Shanghai Jiao Tong University School of Medicine,['Hyperchylomicronemia'],['CS-121'],['Uncategorized']
NCT07751640,Autologous Bone Marrow Aspirate (IV) and Bone Marrow Concentrate (Intranasal) for Parkinson's Disease and Parkinson-Plus Syndromes (SPARC-PD),"A Single-Arm, Open-Label, Within-Subject Pilot Study (Phase I/IIa) Evaluating the Safety, Tolerability, and Exploratory Epigenetic Outcomes of a Single Same-Day Administration of Autologous Bone Marrow Aspirate (Intravenous) and Autologous Bone Marrow Aspirate Concentrate (Intranasal) in Adults With Parkinson's Disease or Parkinson-Plus Syndromes",ACTIVE_NOT_RECRUITING,"PHASE1, PHASE2",Apeiron Research Center,"['PARKINSON DISEASE (Disorder)', 'Atypical Parkinsonism']",['Autologous Bone Marrow Aspirate (BMA) and Bone Marrow Aspirate Concentrate (BMAC)'],['Uncategorized']
NCT06350994,Early Assessment of Cardiac Function After Treatment With CAR-T Cells,Early Assessment of Cardiac Function After Treatment With CAR-T Cells,RECRUITING,Not Specified,Assistance Publique - Hôpitaux de Paris,"['Car T- Cell', 'Hematologic Malignancy', 'Acute Lymphoblastic Leukemia', 'Lymphoma, B-Cell', 'Multiple Myeloma']",[],['Uncategorized']
NCT03085173,"A Trial of ""Armored"" CAR T Cells Targeting CD19 For Patients With Relapsed CD19+ Hematologic Malignancies","A Phase I Trial of CD19-Targeted EGFRt/19-28z/4-1BBL ""Armored"" Chimeric Antigen Receptor (CAR) Modified T Cells in Patients With Relapsed or Refractory CD19+ Hematologic Malignancies",ACTIVE_NOT_RECRUITING,PHASE1,Memorial Sloan Kettering Cancer Center,"['Chronic Lymphocytic Leukemia (CLL)', 'Relapsed', 'Refractory']",['EGFRt/19-28z/4-1BBL CAR T cells'],['Uncategorized']
NCT07083349,NK510 Cell Therapy for Refractory Systemic Lupus Erythematosus,"An Open, Single-Center Exploratory Clinical Study of NK510 Cell Therapy for Refractory Systemic Lupus Erythematosus",NOT_YET_RECRUITING,NA,"Base Therapeutics (Shanghai) Co., Ltd.",['Refractory Systemic Lupus Erythematosus'],['NK510 : allogeneic genetic modified NK'],['Uncategorized']
NCT04735055,Artificial Intelligence Prediction for the Severity of Acute Pancreatitis,Artificial Intelligence Application in Predicting Disease Severity in Acute Pancreatitis,COMPLETED,Not Specified,Bezmialem Vakif University,"['Acute Pancreatitis', 'Artificial Intelligence', 'Outcome, Fatal']",[],['Uncategorized']
NCT03432364,"A Study to Assess the Safety, Tolerability, and Efficacy of ST-400 for Treatment of Transfusion-Dependent Beta-thalassemia (TDT)","A Phase 1/2, Open-label, Single-arm Study to Assess the Safety, Tolerability, and Efficacy of ST-400 Autologous Hematopoietic Stem Cell Transplant for Treatment of Transfusion-Dependent Beta-thalassemia (TDT)",COMPLETED,"PHASE1, PHASE2",Sangamo Therapeutics,['Transfusion Dependent Beta-thalassemia'],['ST-400 Investigational product'],['Uncategorized']
NCT06474442,"A Phase Ⅱa Study of the Safety, Tolerability and Efficacy of BD111 in Herpes Simplex Virus Type I Stromal Keratitis","A Multicenter, Single-blind, Single-dose, Randomized, Phase Ⅱa Trial to Evaluate the Safety, Tolerability and Efficacy of Intrastromal BD111 Gene Editing Therapy in Adults With HSV-1 Stromal Keratitis",RECRUITING,PHASE2,"Shanghai BDgene Co., Ltd.",['Herpes Simplex Virus Type I Stromal Keratitis'],"['BD111 Injection (investigational new drug)', 'Triple-drugs therapy of HSV-1 stromal keratitis']",['Uncategorized']
NCT05456880,BEACON: A Study Evaluating the Safety and Efficacy of BEAM-101 in Patients With Severe Sickle Cell Disease,A Phase 1/2 Study Evaluating the Safety and Efficacy of a Single Dose of Autologous CD34+ Base Edited Hematopoietic Stem Cells (BEAM-101) in Patients With Sickle Cell Disease and Severe Vaso-Occlusive Crises (Beacon Trial),ACTIVE_NOT_RECRUITING,"PHASE1, PHASE2",Beam Therapeutics Inc.,['Sickle Cell Disease'],['BEAM-101'],['Uncategorized']
NCT06862453,"Safety, Tolerability and Efficacy of PfSPZ-LARC2 Vaccine Against CHMI in Malaria-Naïve Adults","Safety, Tolerability and Efficacy Against Controlled Human Malaria Infection of PfSPZ-LARC2 Vaccine in Malaria-naïve Adults",RECRUITING,PHASE1,Sanaria Inc.,['Malaria Falciparum'],"['Normal Saline (Placebo)', 'PfSPZ-LARC2 Vaccine', 'PfSPZ Challenge (NF54)']",['Uncategorized']
NCT04213469,PD1-CD19-CART in Patients With r/r B-cell Lymphoma,a Safety and Efficacy Evaluation of PD1-CD19-CART in Patients With Relapse/Refractory B-cell Lymphoma,COMPLETED,NA,Bioray Laboratories,['B-cell Lymphoma'],['PD1 specific integrated anti-CD19 Chimeric Antigen Receptor T Cells'],['Uncategorized']
NCT04671212,Discarded Bone Marrow for Hematology Research,Discarded Bone Marrow for Hematology Research,RECRUITING,Not Specified,St. Jude Children's Research Hospital,['Hemoglobinopathies'],[],['Uncategorized']
NCT06024876,A Clinical Study Evaluating the Safety and Efficacy of CS-101 in Treating Subjects With β-thalassemia,A Clinical Study Evaluating the Safety and Efficacy of Ex-vivo tBE Edited Autologous Hematopoietic Stem Progenitor Cells (CS-101) in Treating Subjects With β-thalassemia,COMPLETED,EARLY_PHASE1,"CorrectSequence Therapeutics Co., Ltd",['Beta-Thalassemia'],['CS-101'],['Uncategorized']
NCT07748403,A Study of the Safety and Efficacy of Prime Editing (PM577) in Participants With Wilson Disease (WD),"A Phase 1/2 Clinical Study to Evaluate Safety, Tolerability, Biological Activity, and Initial Efficacy of Prime Editing (PM577a) for the Treatment of Wilson Disease (WD) in Adult and Adolescent Participants With at Least One Allele Harboring the p.H1069Q Mutation in ATP7B",NOT_YET_RECRUITING,"PHASE1, PHASE2","Prime Medicine, Inc.","['Wilson Disease', ""Wilson's Disease"", 'Wilsons Disease']",['PM577a'],['Uncategorized']
NCT06467344,Study to Evaluate ACDN-01 in ABCA4-related Stargardt Retinopathy (STELLAR),"ACDN-01-001: Open-Label, Single Ascending Dose Study to Evaluate the Safety, Tolerability, and Preliminary Efficacy of Subretinal ACDN-01 in Participants With ABCA4-related Retinopathy",RECRUITING,"PHASE1, PHASE2","Ascidian Therapeutics, Inc","['Stargardt Disease', 'Cone Rod Dystrophy', 'Juvenile Macular Degeneration', 'Stargardt Disease 1']",['ACDN-01'],['Uncategorized']
NCT05945849,CD33KO-HSPC Infusion Followed by CART-33 Infusion(s) for Refractory/Relapsed AML,Phase 1 Study of Lentivirally Transduced T Cells Engineered to Contain Anti-CD33 Linked to TCRζ And 4-1BB Signaling Domains In Combination With CD33KO-HSPC In Subjects With Refractory Or Relapsed Acute Myeloid Leukemia,RECRUITING,PHASE1,University of Pennsylvania,"['Leukemia, Myeloid, Acute']",['CD33KO-HSPC; CART33'],['Uncategorized']
NCT01949324,A Phase 2 Multicenter Randomized Clinical Trial of CNTF for MacTel,A Phase 2 Multicenter Randomized Clinical Trial of Ciliary Neurotrophic Factor (CNTF) for Macular Telangiectasia Type 2 (MacTel),COMPLETED,PHASE2,Neurotech Pharmaceuticals,['Macular Telangiectasia Type 2'],"['Ciliary neurotrophic factor (CNTF)', 'Sham procedure', 'NT-501 Implant', 'NT-501 Implant procedure']",['Uncategorized']
NCT04555551,MCARH109 Chimeric Antigen Receptor (CAR) Modified T Cells for the Treatment of Multiple Myeloma,Phase I Trial of G Protein-coupled Receptor Class C Group 5 Member D (GPRC5D) Targeted MCARH109 Chimeric Antigen Receptor (CAR) Modified T Cells for the Treatment of Multiple Myeloma,ACTIVE_NOT_RECRUITING,PHASE1,Memorial Sloan Kettering Cancer Center,['Multiple Myeloma'],['Infusion of MCARH109 T cells'],['Uncategorized']
NCT02361853,"The Role of Immature Myeloid Cells, Monocytes, Dentritic Cells and Neutrophils in Human Pregnancies as Markers for Mature Pregnancy and Spontaneous Labor","The Role of Immature Myeloid Cells, Monocytes, Dentritic Cells and Neutrophils in Human Pregnancies as Markers for Mature Pregnancy and Spontaneous Labor",UNKNOWN,Not Specified,Hillel Yaffe Medical Center,['Parturition'],"['Exposure: abundance of Immature Myeloid Cells counts in blood samples', 'Exposure: abundance of Immature Dentritic Cells counts in blood samples', 'Exposure: abundance of Immature monocytes counts in blood samples', 'Exposure: abundance of Immature neutrophils counts in blood samples']",['Uncategorized']
NCT06255782,An Open-label Study to Investigate ECUR-506 in Male Babies Less Than 9 Months of Age With Neonatal Onset OTC Deficiency,"A Phase 1/2/3 First-in-Human, Open-Label, Dose-Escalation Study to Evaluate the Safety and Efficacy of a Single Intravenous (IV) Administration of ECUR-506 in Males Less Than 9 Months of Age With Genetically Confirmed Neonatal Onset Ornithine Transcarbamylase (OTC) Deficiency",RECRUITING,PHASE3,"iECURE, Inc.","['Ornithine Transcarbamylase Deficiency', 'Ornithine Transcarbamylase Deficiency Disease', 'Ornithine Carbamoyltransferase Deficiency (Disorder)', 'Urea Cycle Disorders, Inborn']",['ECUR-506'],['Uncategorized']
NCT07189559,School-Based Body Image Concerns Prevention,Digital Bodies: A Brief Intervention in Secondary Schools to Reduce Negative Body Image Among Adolescents in the Digital Age,COMPLETED,NA,Villa Garda Hospital,"['Wait List Control', 'Intervention Program']",['Digital Bodies'],['Uncategorized']
NCT06677307,"A Phase 1/2a, Single- and Multiple-dose Escalation Study of KRRO-110","A Phase 1/2a, Single- and Multiple-dose Escalation Study to Evaluate the Safety, Tolerability, Pharmacodynamics, and Pharmacokinetics of KRRO 110 in Healthy Adult Volunteers and in Adult Participants With Alpha-1 Antitrypsin Deficiency (AATD) (REWRITE)",TERMINATED,"PHASE1, PHASE2","Korro Bio, Inc.","['Alpha-1 Anti-trypsin Deficiency', 'AATD']",['KRRO-110'],['Uncategorized']
NCT02453139,"Exercise, Prostate Cancer and Circulating Tumour Cells",Evasion of Immune Editing by Circulating Tumour Cells in an Exercise Modifiable Mechanism Underlying Aggressive Behaviour in Obese Men With Prostate Cancer,COMPLETED,NA,"University of Dublin, Trinity College","['Prostate Cancer', 'Obesity']",['Exercise'],['Uncategorized']
NCT07489196,A Phase 2 Safety and Efficacy Study Evaluating CS-101 in Participants With β-Thalassemia Major,"A Single-arm, Open-label Phase II Clinical Trial: Evaluating the Safety and Efficacy of a Single Dose of CS-101 Injection in Participants With β-thalassemia Major",NOT_YET_RECRUITING,PHASE2,"CorrectSequence Therapeutics Co., Ltd",['β-thalassemia Major'],['CS-101 injection'],['Uncategorized']
NCT06698445,Effect of Short Film Video Training Prepared for Children Undergoing Bone Marrow Aspiration and Biopsy,"Effect of Short Film Video Training Prepared for Children Undergoing Bone Marrow Aspiration and Biopsy on Children's Anxiety, Fear, Pain and Satisfaction",COMPLETED,NA,Tarsus University,"['Anxiety and Fear', 'Pain', 'Satisfaction']",['Short film video'],['Uncategorized']
NCT06711458,Using Generative Artificial Intelligence (AI) to Create Patient-Friendly Discharge Summaries,Using Generative Artificial Intelligence to Transform Discharge Summaries Into Patient-Friendly Language and Format,COMPLETED,NA,NYU Langone Health,['Hospital Discharge Summary Understanding'],"['AI-Generated Discharge Instructions', 'Standard of Care Discharge Instructions']",['Uncategorized']
NCT07312318,AI-Driven Dynamic Prediction of Non-Target Lesion Progression After PCI: A Chinese Multicenter Cohort Study,DeVelopment of an Artificial Intelligence-Driven Dynamic Prediction and Precision Stratification System for Coronary Non-Target LesIon ProgressiON After Percutaneous Coronary Intervention: A Multimodal Data-Enabled Multicenter Cohort Study in China,RECRUITING,Not Specified,China-Japan Friendship Hospital,['Coronary Heart Disease (CHD)'],['percutaneous coronary intervention'],['Uncategorized']
NCT03849586,Registry for Patients Undergoing Penile Prosthesis Implantation for Male Erectile Dysfunction,Prospective Registry for Patients Undergoing Penile Prosthesis Implantation for Male Erectile Dysfunction,ACTIVE_NOT_RECRUITING,Not Specified,European Association of Urology Research Foundation,['Erectile Dysfunction'],[],['Uncategorized']
NCT06505564,VR-based Avatar Therapy for Treatment of Auditory Hallucinations,VR-based Avatar Therapy for Treatment of Auditory Hallucinations in Patients With Schizophrenia 2023-SUD-3446,UNKNOWN,NA,Semmelweis University,"['Hallucinations, Auditory', 'Schizophrenia Spectrum and Other Psychotic Disorders']",['AVATAR therapy'],['Uncategorized']
NCT06369805,EVALUATION OF BLOOD BIOMARKER-BASED DIAGNOSTIC AID IN OUTPATIENTS SUFFERING FROM DEPRESSION,EVALUATION DE L'AIDE AU DIAGNOSTIC PAR BIOMARQUEURS SANGINS CHEZ DES PATIENTS SOUFFRANT DE DEPRESSION SUIVIS EN AMBULATOIRE,COMPLETED,Not Specified,Les Toises - Psychiatry and Psychotherapy Center,"['Depressive Disorder', 'Bipolar Disorder', 'Bipolar Depression']",['there is no intervention'],['Uncategorized']
NCT05691803,Understanding Motivation Towards Exercise to Enhance Physical Activity on Prescription Adherence - Feasibility Study,Understanding Motivation Towards Exercise to Enhance Physical Activity on Prescription Adherence - Feasibility Study,COMPLETED,NA,Umeå University,['Physical Inactivity'],['Exercise intervention'],['Uncategorized']
NCT05605561,The Effect of Digital Storytelling Applied to Children in Preoperative Period,The Effect of Digital Storytelling Applied to Children in the Preoperative Period on Anxiety and Negative Emotional Behaviours,COMPLETED,NA,Pamukkale University,"['Child', 'Preoperative Period']",['Digital Story'],['Uncategorized']
NCT04233788,Metabolic Characterization of Space Occupying Lesions of the Brain,Metabolic Characterization of Space Occupying Lesions of the Brain Using in Vivo MR- (Spectroscopic) Imaging at 3 Tesla and 7 Tesla,RECRUITING,Not Specified,"Insel Gruppe AG, University Hospital Bern","['Brain Tumor', 'Glioma', 'IDH Mutation']","['MR-scans using a 3T Prisma and a 7T Terra scanner (Siemens, Erlangen Germany)']",['Uncategorized']
NCT04661319,Impact of Video Editing Training for Novice Trainees in Laparoscopic Cholecystectomy,"Impact of Video Editing Training for Novice Trainees in Laparoscopic Cholecystectomy; a Multicenter, Randomized, Controlled Trial",UNKNOWN,NA,Seoul St. Mary's Hospital,['Gallstone; Colic'],['video editing training'],['Uncategorized']
NCT05258513,The Effects of Geranylgeraniol (GG) Sourced From Annatto on Sexual Health,The Effects of Oral Supplementation With Geranylgeraniol (GG) Sourced From Annatto on Sexual Health in Males and Females,COMPLETED,NA,Applied Science & Performance Institute,"['Sexual Health', 'Libido']","['Placebo Supplementation', 'GG sourced from Annatto']",['Uncategorized']
NCT07647159,Voice Assistant for Outpatient Neurology Visits,Voice Assistant for Outpatient Neurology Visits Based on Artificial Intelligence Technologies: A Multicenter Prospective Pilot Study,COMPLETED,NA,Research and Practical Clinical Center for Diagnostics and Telemedicine Technologies of the Moscow Health Care Department,"['Burnout, Professional', 'Documentation', 'Medical Records Systems, Computerized', 'Speech Recognition Software', 'Health Services Research', 'Neurology']",['AI-based voice assistant Service for automated pre-filling of outpatient neurology visit protocol in EMIAS'],['Uncategorized']
NCT06964412,The Use of Artificial Intelligence Generated Contours in Radiation Planning of the Prostate Brachytherapy,A Phase II Randomized Study of the Use of Artificial Intelligence Generated Contours in Ultrasound-based Prostate HDR Brachytherapy,ACTIVE_NOT_RECRUITING,NA,Brigham and Women's Hospital,['Prostate Cancer'],['Artificial-intelligence (AI)'],['Uncategorized']
NCT06735755,"A Phase 1/2, Dose-Exploration Study to Evaluate the Safety and Efficacy of BEAM-301 in Patients With Glycogen Storage Disease Type Ia (GSDIa)","A Phase 1/2, Dose-Exploration Study to Evaluate the Safety and Efficacy of BEAM-301 in Patients With Glycogen Storage Disease Type Ia (GSDIa) Homozygous or Compound Heterozygous for the G6PC1 c.247C>T (p.R83C) Variant",RECRUITING,"PHASE1, PHASE2",Beam Therapeutics Inc.,['Glycogen Storage Disease Type Ia'],['BEAM-301: Single dose of BEAM-301 administered by IV'],['Uncategorized']
NCT03319186,EDIT Management Feasibility Trial,"Pre-EDIT: A Randomised, Feasibility Trial of Elastance-Directed Intra-pleural Catheter or Talc Pleurodesis (EDIT) in the Management of Symptomatic Malignant Pleural Effusion Without Obvious Non-expansile Lung",UNKNOWN,NA,NHS Greater Glasgow and Clyde,"['Pleural Effusion, Malignant']","['EDIT Management', 'Chest drain and talc pleurodesis']",['Uncategorized']
NCT05024240,Interaction of the Cognitive and Sensory-cognitive Tasks With Postural Stability in Individuals With Stability Disorders,Interaction of the Cognitive and Sensory-cognitive Tasks With Postural Stability in Individuals With Stability Disorders Based on Cerebellar Ataxia,UNKNOWN,NA,"Charles University, Czech Republic","['Cerebellar Ataxia', 'Cerebellar Diseases']","['Stabilometry', 'Stroop test', 'Backward counting test']",['Uncategorized']
NCT06263413,Clinical Workflow Optimization Using Artificial Intelligence for Dermatological Conditions,Optimization of Clinical Workflow in Patients With Various Dermatological Conditions Through Artificial Intelligence,UNKNOWN,Not Specified,AI Labs Group S.L,"['Acne', 'Acne Vulgaris', 'Alopecia, Androgenetic', 'Pigmented Lesions', 'Pigmented Skin Lesion']",[],['Uncategorized']
NCT06639763,Erectile Aid Use in Post-phalloplasty and Post-metoidioplasty Transgender Patients,Erectile Aid Use in Post-phalloplasty and Post-metoidioplasty Transgender Patients: an Epidemiological Survey,RECRUITING,Not Specified,"University Hospital, Ghent","['Transgenderism', 'Erectile Dysfunction', 'Gender Dysphoria', 'Sexual Dysfunction']",['Questionnaire'],['Uncategorized']
NCT06494384,Implementation of Problem-Solving Treatment in Community Health Centers (PST-Aid),Type III Hybrid Effectiveness-Implementation Trial of a Clinical Decision Support System for the Implementation of Problem-Solving Treatment in Community Health Centers,RECRUITING,NA,University of Washington,['Depression'],"['Problem Solving Treatment as usual (PST as usual)', 'Problem Solving Treatment Aid (PST-Aid)']",['Uncategorized']
NCT03189004,Assessing the Impact of Mobile Phone Technology to Improve Health Nutrition and Population (HNP) Service Utilization in Rural Bangladesh Through Pilot Intervention,Assessing the Impact of Mobile Phone Technology to Improve Health Nutrition and Population (HNP) Service Utilization in Rural Bangladesh Through Pilot Intervention,UNKNOWN,NA,"International Centre for Diarrhoeal Disease Research, Bangladesh","['Maternal Health', 'Child Health', 'Vaccination', 'Family Planning Services']",['Impact of Mobile Phone Technology to Improve Health Nutrition and Population (HNP) Service Utilization in Rural Bangladesh'],['Uncategorized']
NCT06396520,Neuroimaging of Babies During Natural Sleep to Assess Typical Development and Cerebral Palsy,Neuroimaging of Babies During Natural Sleep to Assess Typical Development and Cerebral Palsy,RECRUITING,Not Specified,Danish Research Centre for Magnetic Resonance,"['Cerebral Palsy', 'Infant Development', 'Development, Infant']","['No intervention, observational']",['Uncategorized']
NCT04791215,Circulating Tumor DNA Alterations in Non-small Cell Lung Cancer Patients Treated With Pembrolizumab,An Observational Study of Circulating Tumor DNA Genetic Alterations in Non-small Cell Lung Cancer Patients Treated With Pembrolizumab,TERMINATED,Not Specified,Columbia University,['Non Small Cell Lung Cancer'],['Observational'],['Uncategorized']
NCT07214168,Vape Use Among Younger & Older Smokers,Factors That Affect Differential Switching and Patterns of ENDS Use Among Younger and Older Smokers: A Mixed Methods Approach,ACTIVE_NOT_RECRUITING,Not Specified,Abramson Cancer Center at Penn Medicine,"['Smoking Cigarette', 'Smoking Behaviors', 'Vaping', 'Vaping Behaviors']",[],['Uncategorized']
NCT00734604,A Study for Patients With Erectile Dysfunction to Test Whether Tadalafil Taken Once a Day Can Better Improve Psychological Outcomes.,A Comparison of Psychosocial Outcomes Following Tadalafil Once a Day or PDE5 Inhibitor As Needed in Men With Erectile Dysfunction.,COMPLETED,PHASE3,Eli Lilly and Company,['Erectile Dysfunction'],"['tadalafil once a day [T(OaD)]', 'sildenafil citrate as needed [S(PRN)]', 'tadalafil as needed [T(PRN)]']",['Uncategorized']
NCT07114900,Randomized Controlled Physical Activity App Intervention for Black Women,"Developing a Tailored, Theoretically-Driven Smartphone Physical Activity Intervention for African American Women: RCT",ACTIVE_NOT_RECRUITING,PHASE3,Stony Brook University,['Physical Activity'],"['PA4Health app physical activity intervention', 'Wellness Text Messaging Program']",['Uncategorized']
NCT06565026,CS-206 in Patients With Sickle Cell Disease,An Open-Label Study to Evaluate the Safety and Efficacy of a Single Dose of Autologous CD34+ Human Hematopoietic Stem Cells Modified Using Transformer Base Editor in Participants With Severe Sickle Cell Disease,RECRUITING,EARLY_PHASE1,"CorrectSequence Therapeutics Co., Ltd",['Sickle Cell Disease'],['CS-206'],['Uncategorized']
NCT07279935,Osimertinib Combined With Chemotherapy in Patients Who Had Distant Recurrence After Adjuvant Osimertinib for EGFRm Resectable SIB-IIIA NSCLC.,"Biomarker-Directed Treatment in Patients Who Had Distant Recurrence After Adjuvant Osimertinib for EGFRm Resectable SIB-IIIA NSCLC: A Prospective, Multi-cohort, Interventional Study (REVIVE)",RECRUITING,PHASE4,AstraZeneca,['Non-small Cell Lung Cancer'],['Osimertinib+cisplatin or carboplatin + pemetrexed Edit'],['Uncategorized']
NCT07475104,Redesigning Surgical Care for Patients in Wisconsin,Redesigning Surgical Care to Support the Health Outcome Goals and Care Preferences for Older Adults: Better Conversations for Better Informed Consent,ENROLLING_BY_INVITATION,NA,"University of Wisconsin, Madison","['Communication', 'Surgery', 'Shared Decision Making']","['Education Specialist Delivered Training', 'Automated Training']",['Uncategorized']
NCT05373966,Robotic Radical Nephroureterectomy Delphi Consensus,Delphi Consensus on Robotic Radical Nephroureterectomy Curriculum,COMPLETED,Not Specified,University of Southern California,['Consensus Development'],['Delphi Questionnaire'],['Uncategorized']
NCT07558213,A Multi-Dimensional Model of cAre and transItion for Patients With cOmplex RAre Diseases,AD MAIORA - A Multi-Dimensional Model of cAre and transItion for Patients With cOmplex RAre Diseases: Challenges in the Era of New Technologies,ACTIVE_NOT_RECRUITING,Not Specified,Fondazione Policlinico Universitario Agostino Gemelli IRCCS,"['Rare Diseases', 'Mitochondrial Diseases', 'Muscular Dystrophies', 'Dysmorphic Disorder, Body']","['Etiopathogenetic diagnosis', 'Functional diagnosis']",['Uncategorized']
NCT06630065,Study of the Neural Circuits Underlying the Negative Emotional Bias of Depressive Disorders and Their Response to Ketamine,Translational Study of the Neural Circuits Underlying the Negative Emotional Bias of Depressive Disorders and Their Response to Ketamine,RECRUITING,NA,Centre Hospitalier St Anne,['Depressive Disorder'],"['fMRI with emotional task and pupillometry', 'Behavioral task with emotional facial expressions', 'Biological investigation']",['Uncategorized']
NCT07382791,Delayed Gastric Emptying After Pancreatic Surgery,The Analysis of Delayed Gastric Emptying After Pancreatic Surgery,RECRUITING,Not Specified,National Taiwan University Hospital,['Pancreatic Neoplasm'],['pancreatectomy'],['Uncategorized']
NCT04810403,"SOMEBODY, a Social Media-based Eating Disorder Prevention Program","An Open Trial Pilot Study of SOMEBODY, a Social Media-based Eating Disorder Prevention Program for College Women",COMPLETED,NA,Florida State University,['Eating Disorder Symptom'],['SOMEBODY Eating Disorder Prevention Program'],['Uncategorized']
NCT03188211,E-learning to Improve Oral Anticoagulant Use in Hospitalized Older People With AF,Simulation-based Technologies to Improve the Appropriate Use of Oral Anticoagulants in Hospitalized Elderly Patients With Atrial Fibrillation,COMPLETED,NA,Mario Negri Institute for Pharmacological Research,"['Simulation Training', 'Anticoagulant Drugs', 'Elderly', 'Atrial Fibrillation', 'Drug Prescriptions', 'Internal Medicine', 'Geriatrics']","['E-learning educational program', 'Control']",['Uncategorized']
NCT03308786,HIV Reservoir Reduction With Interleukin-2,HIV Reservoir Reduction With Interleukin-2,TERMINATED,PHASE2,Case Western Reserve University,['HIV Infection'],['Recombinant Interleukin-2'],['Uncategorized']
NCT07676318,Large Language Models for Dental Radiology Report Generation From Structured Textual Data,Evaluation of Large Language Models for Transforming Structured Dental Radiology Data Into Narrative Radiology Reports,NOT_YET_RECRUITING,Not Specified,"Hospital of the Ministry of Interior, Kielce, Poland","['Radiography', 'Oral Health', 'Large Language Model', 'Natural Language Processing (NLP)', 'Dentistry']",['Large language model-assisted radiology report generation'],['Uncategorized']
NCT05880238,The Effect of Sensory Motor Training in Preschool Children,"The Effect of Occupational Therapy-Based Sensory Motor Training On Self-Regulation, Cognitive Skills, And School Readiness in Preschool Children",COMPLETED,NA,Biruni University,['Early Intervention'],"['Intervention group', 'Control group']",['Uncategorized']
NCT07280468,Endotype DIrected Treatment for OSA in Down Syndrome,Endotype DIrected Treatment for OSA in Down Syndrome,RECRUITING,PHASE4,University of Arizona,"['Obstructive Sleep Apnea (OSA)', 'Down Syndrome']","['ato-oxy', 'Oxygen']",['Uncategorized']
NCT02948491,Effectiveness of Music Therapy on the Development of Preterm Neonates,Effectiveness of Music Therapy on the Intra-hospital Evolution and Neurodevelopment of Preterm Neonates Treated in Neonatal Intensive Care Units in the Bucaramanga Metropolitan Area,UNKNOWN,NA,Universidad Manuela Beltrán,['Premature Birth'],['Music therapy'],['Uncategorized']
NCT07187050,LLM-Assisted vs Manual Writing for Clinical Documentation: Effects on Time and Quality,Evaluating an LLM-Assisted Workflow for Clinical Documentation: A Pilot Randomized Controlled Trial on Time and Quality,COMPLETED,NA,"Kyoto University, Graduate School of Medicine","['Clinician-in-the-loop', 'Clinical Documentation', 'Large Language Model']","['Template-Based LLM Assistant', 'Manual Writing']",['Uncategorized']
NCT03119129,The Development and Evaluation of the Ho'Ouna Pono Drug Prevention Curriculum,The Development and Evaluation of the Ho'Ouna Pono Drug Prevention,UNKNOWN,NA,Hawaii Pacific University,['Substance-Related Disorders'],"[""Ho'ouna Pono Drug Prevention Curriculum""]",['Uncategorized']
NCT06546592,Locally Optimised Contouring With AI Technology for Radiotherapy,LOCATOR - Locally Optimised Contouring With AI Technology for Radiotherapy,RECRUITING,NA,Royal North Shore Hospital,"['Contouring', 'Segmentation', 'Radiation Therapy', 'Artificial Intelligence', 'Deep Learning']",['AI assisted contouring'],['Uncategorized']
NCT03919721,Field Test of Motivity.Net Software for Data Collection During Behavioral Interventions,Phase II Field Test of Motivity.Net - Therapy Management System for Model-Based Behavioral Interventions,UNKNOWN,NA,Experiad LLC,['Autistic Disorder'],['Applied Behavioral Analysis'],['Uncategorized']
NCT06564948,Improving Mental Health Treatment for Individuals in Crisis Interacting With the Criminal-Legal System,Improving Mental Health Treatment for Individuals in Crisis Interacting With the Criminal-Legal System,RECRUITING,NA,Cambridge Health Alliance,"['Suicide Risk', 'Psychiatric Disorders']","['Treatment as usual (TAU)', 'FSJS', 'FSJS+Navigator Intervention']",['Uncategorized']
NCT07531290,PeerScreen Trial - Reducing Screen Media Use in Peer-groups of Young People,"Effects of Reducing Screen Media Use on Mental Health, Sleep, Physical Activity, Heart Rate Variability, and Behavioral Patterns in Peer-groups of Young People: A Study Protocol for a Cluster-randomized Controlled Trial",NOT_YET_RECRUITING,NA,University of Southern Denmark,"['Mental Health', 'Social Interaction', 'Sleep', 'Physical Activity', 'Stress']",['Screen media reduction'],['Uncategorized']
NCT01606813,The Impact of Integrating an Internet Weight Control Program Into Primary Care,The Impact of Integrating an Internet Weight Control Program Into Primary Care,COMPLETED,NA,Milton S. Hershey Medical Center,"['Overweight', 'Obese']","['Usual Care', 'Brief Physician Counseling', 'Referral and access to an internet weight control program', 'Brief follow up email notes from PCPs']",['Uncategorized']
NCT06491875,The Effect of Digital Storytelling and Sensory Integration on Children With Autism,The Effect of Occupational Therapy and Sensory Integration Approach Supported Digital Storytelling on Facilitating Social Participation of Children With Autism Spectrum Disorder,COMPLETED,NA,Biruni University,['Autism Spectrum Disorder'],"['Digital Storytelling (DST)', 'Sensory Integration Therapy (SIT)']",['Uncategorized']
NCT01682629,Examining the Effect of a Scripted Debriefing on Resuscitation Performance in Pediatrics,"Examining Pediatric Resuscitation Education Using Simulation and Scripted Debriefing: A Multicenter, Randomized Controlled Trial",COMPLETED,NA,KidSIM Simulation Program,['Pediatric Cardiac Arrest (Simulated)'],"['Debriefing Script', 'High Physical Realism Simulation']",['Uncategorized']
NCT01026818,A Study of Tadalafil After Radical Prostatectomy,"A Randomised, Double-Blind, Placebo-Controlled Study to Evaluate the Effect on Unassisted Erectile Function of the Early Use of Tadalafil 5 mg Once a Day and Tadalafil 20 mg On Demand Treatment for 9 Months in Subjects Undergoing Bilateral Nerve-Sparing Radical Prostatectomy",COMPLETED,PHASE4,Eli Lilly and Company,['Erectile Dysfunction'],"['Tadalafil', 'Placebo']",['Uncategorized']
NCT05695118,Body Composition and Fatty Liver Disease,Analysis of the Prognostic Correlation Between Body Composition Analysis and Fatty Liver Progression in Patients With Fatty Liver Using Low-dose CT,UNKNOWN,NA,Seoul National University Hospital,['Fatty Liver'],"['Non-contrast low-dose abdomen CT', 'Fibroscan', 'bioelectrical impedance analysis (BIA)']",['Uncategorized']
NCT04777045,Efficacy of Diltiazem to Improve Coronary Microvascular Dysfunction: a Randomized Clinical Trial,Efficacy of Diltiazem to Improve Coronary Microvascular Dysfunction: a Randomized Clinical Trial,ACTIVE_NOT_RECRUITING,PHASE3,Radboud University Medical Center,"['Microvascular Angina', 'Coronary Vasospasm', 'Microvascular Ischemia of Myocardium']","['Diltiazem Hydrochloride', 'Placebo']",['Uncategorized']
NCT06328764,CS-101 in Patients With β-thalassemia,A Clinical Study Evaluating the Safety and Efficacy of Autologous Peripheral Blood Hematopoietic Stem and Progenitor Cells (CS-101) Modified by Ex Vivo Base Editing to Induce γ-Globin Production in Treating Patients With β-Thalassemia,ENROLLING_BY_INVITATION,EARLY_PHASE1,"CorrectSequence Therapeutics Co., Ltd",['Beta-Thalassemia'],['CS-101'],['Uncategorized']
NCT07322653,The Effects of MediDrink Platinum+ and Fava Bean Protein Hydrolysate on Fitness in an Aged Population,"Prospective, Open-Label, Multicenter Study to Characterise the Effects of Co-administration of MediDrink Platinum+ Formula Containing Novel Protein Blend SPR-01 and Fava Bean Protein Hydrolysate on Fitness in an Aged Population",RECRUITING,NA,Nuritas Ltd,"['Sarcopenia in Elderly', 'Malnourished', 'Protein Supplementation', 'Muscle Mass', 'Physical Function', 'Strength']","['MediDrink Platinum+', 'MediDrink Platinum+ and PeptiStrong']",['Uncategorized']
NCT06291961,A Safety and Efficacy Study Evaluating CS-101 in Subjects With β-Thalassemia Major,"A Single-arm, Open-label Phase I Clinical Trial to Evaluate the Safety, Tolerability, Efficacy, Pharmacokinetics and Pharmacodynamic Profile of a Single Dose of CS-101 Injection in Subjects With β-thalassemia Major",COMPLETED,PHASE1,"CorrectSequence Therapeutics Co., Ltd",['Beta-Thalassemia Major'],['CS-101 injection'],['Uncategorized']
NCT02890290,Effect Study of Marine Protein Hydrolysates to Prevent Loss of Muscle Mass and Physical Function in Frail Elderly,Nutrition and Sarcopenia in Frail Elderly: a Randomized Controlled Trial of the Effects of Marine Protein Hydrolysates to Improve Physical Performance.,COMPLETED,NA,Molde University College,['Sarcopenia'],"['Marine Protein hydrolysate', 'Placebo']",['Uncategorized']
NCT05683782,Erythropoietin Gel as an Adjunct to Split-Thickness Apically Positioned Flap in Augmentation of Attached Gingiva,''Erythropoietin Gel as an Adjunct to Split-Thickness Apically Positioned Flap in Augmentation of Attached Gingiva'' (A Randomized Controlled Clinical Study),UNKNOWN,PHASE4,Ain Shams University,"['Erythropoietin', 'Recession']","['Split thickness Apically positioned flap with Chitosan based Erythropoietin Gel application', 'Split thickness Apically positioned flap without Erythropoietin application']",['Uncategorized']
NCT05157048,"Acute Effects of Cigarette Packaging and Charcoal Filtration on Perceptions, Use Behaviors, and Harm Exposure","Acute Effects of Cigarette Packaging and Charcoal Filtration on Perceptions, Use Behaviors, and Harm Exposure",COMPLETED,NA,Abramson Cancer Center at Penn Medicine,['Smoking Behaviors'],"['Charcoal-filtered cigarette', 'Non-charcoal filtered cigarette']",['Uncategorized']
